core,sub,cid,as
CC(=O)N1CCC(NC(=O)NC2CCC([*:1])CC2)CC1,CC(C)(C)[*:1],CHEMBL1668929,0
CC(=O)N1CCC(NC(=O)NC2CCC([*:1])CC2)CC1,[*:1],CHEMBL1668927,0
O=C(NC1CCCCCC1)C1CCN(S(=O)(=O)c2ccc(O[*:1])cc2)CC1,CC(=O)C[*:1],CHEMBL1933513,1
O=C(NC1CCCCCC1)C1CCN(S(=O)(=O)c2ccc(O[*:1])cc2)CC1,C[*:1],CHEMBL1933501,1
O=C(NC1CCCCCC1)C1CCN(S(=O)(=O)c2ccc(O[*:1])cc2)CC1,FC(F)(F)[*:1],CHEMBL1933510,1
O=C(NC1CCCCCC1)C1CCN(S(=O)(=O)c2ccc(O[*:1])cc2)CC1,[*:1],CHEMBL1933511,1
O=C(NC1CCCCC1)NC1CCN([*:1])CC1,CC(=O)[*:1],CHEMBL1668927,2
O=C(NC1CCCCC1)NC1CCN([*:1])CC1,CCC(=O)[*:1],CHEMBL1256164,2
O=C(NC1CCCCC1)NC1CCN([*:1])CC1,O=C(c1ccccn1)[*:1],CHEMBL1668938,2
O=C(NC1CCCCCC1)NC1CCN([*:1])CC1,CC(=O)[*:1],CHEMBL1668928,3
O=C(NC1CCCCCC1)NC1CCN([*:1])CC1,CCC(=O)[*:1],CHEMBL1257632,3
O=C(Nc1ccc(C(F)(F)F)cc1)NC1CCN([*:1])CC1,CC(=O)[*:1],CHEMBL1668932,4
O=C(Nc1ccc(C(F)(F)F)cc1)NC1CCN([*:1])CC1,CC(C)S(=O)(=O)[*:1],CHEMBL1668939,4
O=C(Nc1ccc(C(F)(F)F)cc1)NC1CCN([*:1])CC1,CCC(=O)[*:1],CHEMBL1258670,4
O=C(Nc1ccc(C(F)(F)F)cc1)NC1CCN([*:1])CC1,CS(=O)(=O)[*:1],CHEMBL1668936,4
O=C(Nc1ccc(OC(F)(F)F)cc1)NC1CCN([*:1])CC1,CC(=O)[*:1],CHEMBL1668934,5
O=C(Nc1ccc(OC(F)(F)F)cc1)NC1CCN([*:1])CC1,CC(C)S(=O)(=O)[*:1],CHEMBL1668940,5
O=C(Nc1ccc(OC(F)(F)F)cc1)NC1CCN([*:1])CC1,CCC(=O)[*:1],CHEMBL1258904,5
O=C(Nc1ccc(OC(F)(F)F)cc1)NC1CCN([*:1])CC1,CCS(=O)(=O)[*:1],CHEMBL1257635,5
O=C(Nc1ccc(OC(F)(F)F)cc1)NC1CCN([*:1])CC1,CS(=O)(=O)[*:1],CHEMBL1257634,5
O=C(Nc1ccc(OC(F)(F)F)cc1)NC1CCN([*:1])CC1,Cc1ccc(S(=O)(=O)[*:1])cc1,CHEMBL1257759,5
O=C(Nc1ccc(OC(F)(F)F)cc1)NC1CCN([*:1])CC1,O=C(C1CC1)[*:1],CHEMBL1257405,5
O=C(Nc1ccc(OC(F)(F)F)cc1)NC1CCN([*:1])CC1,O=C(C(F)(F)F)[*:1],CHEMBL1257517,5
O=C(Nc1ccc(OC(F)(F)F)cc1)NC1CCN([*:1])CC1,O=C(Cc1ccccn1)[*:1],CHEMBL1257285,5
O=C(Nc1ccc(OC(F)(F)F)cc1)NC1CCN([*:1])CC1,O=C(c1ccc(Cl)nc1)[*:1],CHEMBL1257170,5
O=C(Nc1ccc(OC(F)(F)F)cc1)NC1CCN([*:1])CC1,O=C(c1cccnc1)[*:1],CHEMBL1668937,5
O=C(Nc1ccc(OC(F)(F)F)cc1)NC1CCN([*:1])CC1,O=C(c1ccncc1)[*:1],CHEMBL1257169,5
O=C(Nc1ccc(OC(F)(F)F)cc1)NC1CCN([*:1])CC1,O=S(=O)(c1ccccc1)[*:1],CHEMBL1257758,5
O=C(Nc1ccc(OC(F)(F)F)cc1)NC1CCC([*:1])CC1,CC(=O)[*:1],CHEMBL1818421,6
O=C(Nc1ccc(OC(F)(F)F)cc1)NC1CCC([*:1])CC1,Fc1ccc(O[*:1])cc1,CHEMBL221014,6
O=C(Nc1ccc(OC(F)(F)F)cc1)NC1CCC([*:1])CC1,O=C(O)c1ccc(O[*:1])cc1,CHEMBL1552108_CHEMBL2397148,6
O=C(Nc1ccc(OC(F)(F)F)cc1)NC1CCC([*:1])CC1,O=C(O)c1cccc(O[*:1])c1,CHEMBL243793_CHEMBL244002,6
O=C(Nc1ccc(OC(F)(F)F)cc1)NC1CCC([*:1])CC1,[*:1],CHEMBL2031931,6
O=C(Nc1cccc(C(F)(F)F)c1)NC1CCN([*:1])CC1,CC(=O)[*:1],CHEMBL1668933,7
O=C(Nc1cccc(C(F)(F)F)c1)NC1CCN([*:1])CC1,CCC(=O)[*:1],CHEMBL1258784,7
O=C(NC12CC3CC(CC(C3)C1)C2)N1CCN([*:1])CC1,CC(=O)[*:1],CHEMBL3222126,8
O=C(NC12CC3CC(CC(C3)C1)C2)N1CCN([*:1])CC1,CC(C)(C)OC(=O)[*:1],CHEMBL3222127,8
O=C(NC12CC3CC(CC(C3)C1)C2)N1CCN([*:1])CC1,C[*:1],CHEMBL3222128,8
O=C(Nc1ccc(C(=O)[*:1])cc1)NC12CC3CC(CC(C3)C1)C2,CC(=O)N1CCN([*:1])CC1,CHEMBL3222117,9
O=C(Nc1ccc(C(=O)[*:1])cc1)NC12CC3CC(CC(C3)C1)C2,CO[*:1],CHEMBL478505,9
O=C(Nc1ccc(C(=O)[*:1])cc1)NC12CC3CC(CC(C3)C1)C2,CS(=O)(=O)N1CCN([*:1])CC1,CHEMBL3222119,9
O=C(Nc1ccc(C(=O)[*:1])cc1)NC12CC3CC(CC(C3)C1)C2,C1CN([*:1])CCN1,CHEMBL1088565,9
O=C(Nc1ccc(C(=O)[*:1])cc1)NC12CC3CC(CC(C3)C1)C2,c1ccc([*:1])cc1,CHEMBL2031814,9
O=C(Nc1ccc(C(=O)N2CCN([*:1])CC2)cc1)NC12CC3CC(CC(C3)C1)C2,CC(=O)[*:1],CHEMBL3222117,10
O=C(Nc1ccc(C(=O)N2CCN([*:1])CC2)cc1)NC12CC3CC(CC(C3)C1)C2,CC(C)(C)OC(=O)[*:1],CHEMBL3222118,10
O=C(Nc1ccc(C(=O)N2CCN([*:1])CC2)cc1)NC12CC3CC(CC(C3)C1)C2,CS(=O)(=O)[*:1],CHEMBL3222119,10
O=C(Nc1ccc(C(=O)N2CCN([*:1])CC2)cc1)NC12CC3CC(CC(C3)C1)C2,[*:1],CHEMBL1088565,10
O=C(NC1CCN([*:1])CC1)NC12CC3CC(Cl)(CC(C1)c1ccccc13)C2,C#CCCC1(CCC(=O)[*:1])N=N1,CHEMBL5196519,11
O=C(NC1CCN([*:1])CC1)NC12CC3CC(Cl)(CC(C1)c1ccccc13)C2,CC(C)S(=O)(=O)[*:1],CHEMBL5179500,11
O=C(NC1CCN([*:1])CC1)NC12CC3CC(Cl)(CC(C1)c1ccccc13)C2,CCC(=O)[*:1],CHEMBL5197313,11
O=C(NC1CCN([*:1])CC1)NC12CC3CC(Cl)(CC(C1)c1ccccc13)C2,CC(=O)[*:1],CHEMBL5195267,11
O=C(NC1CCN([*:1])CC1)NC12CC3CC(Cl)(CC(C1)c1ccccc13)C2,O=C(C1CC1)[*:1],CHEMBL5179027,11
O=C(NC1CCN([*:1])CC1)NC12CC3CC(Cl)(CC(C1)c1ccccc13)C2,O=C(C1CCOCC1)[*:1],CHEMBL5191146,11
O=C(NC1CCN([*:1])CC1)NC12CC3CC(Cl)(CC(C1)c1ccccc13)C2,O=C(C(F)(F)F)[*:1],CHEMBL5192445,11
O=C(NC1CCN([*:1])CC1)NC12CC3CC(Cl)(CC(C1)c1ccccc13)C2,O=C(C1(F)CC1)[*:1],CHEMBL5203245,11
O=C(NC1CCN(C(=O)CCC(=O)[*:1])CC1)NC12CC3CC(CC(C3)C1)C2,CC(=O)N1CCN([*:1])CC1,CHEMBL3222123,12
O=C(NC1CCN(C(=O)CCC(=O)[*:1])CC1)NC12CC3CC(CC(C3)C1)C2,CC(C)(C)OC(=O)N1CCN([*:1])CC1,CHEMBL3222124,12
O=C(NC1CCN(C(=O)CCC(=O)[*:1])CC1)NC12CC3CC(CC(C3)C1)C2,CO[*:1],CHEMBL215827,12
O=C(NC1CCN(C(=O)CCC(=O)[*:1])CC1)NC12CC3CC(CC(C3)C1)C2,C1CN([*:1])CCN1,CHEMBL3222122,12
O=C(Nc1cccc(C(=O)N2CCN([*:1])CC2)c1)NC12CC3CC(CC(C3)C1)C2,CC(=O)[*:1],CHEMBL3222114,13
O=C(Nc1cccc(C(=O)N2CCN([*:1])CC2)c1)NC12CC3CC(CC(C3)C1)C2,CC(C)(C)OC(=O)[*:1],CHEMBL3222115,13
O=C(Nc1cccc(C(=O)N2CCN([*:1])CC2)c1)NC12CC3CC(CC(C3)C1)C2,C[*:1],CHEMBL478146,13
O=C(Nc1cccc(C(=O)N2CCN([*:1])CC2)c1)NC12CC3CC(CC(C3)C1)C2,CS(=O)(=O)[*:1],CHEMBL3222116,13
O=C(Nc1cccc(C(=O)N2CCN([*:1])CC2)c1)NC12CC3CC(CC(C3)C1)C2,[*:1],CHEMBL3222113,13
O=C(Nc1cccc(C(=O)[*:1])c1)NC12CC3CC(CC(C3)C1)C2,CC(=O)N1CCN([*:1])CC1,CHEMBL3222114,14
O=C(Nc1cccc(C(=O)[*:1])c1)NC12CC3CC(CC(C3)C1)C2,CN1CCN([*:1])CC1,CHEMBL478146,14
O=C(Nc1cccc(C(=O)[*:1])c1)NC12CC3CC(CC(C3)C1)C2,CO[*:1],CHEMBL476668,14
O=C(Nc1cccc(C(=O)[*:1])c1)NC12CC3CC(CC(C3)C1)C2,CS(=O)(=O)N1CCN([*:1])CC1,CHEMBL3222116,14
O=C(Nc1cccc(C(=O)[*:1])c1)NC12CC3CC(CC(C3)C1)C2,C1CN([*:1])CCN1,CHEMBL3222113,14
O=C(Nc1cccc(C(=O)[*:1])c1)NC12CC3CC(CC(C3)C1)C2,C1CN([*:1])CCO1,CHEMBL515028,14
O=C(Nc1cccc(C(=O)[*:1])c1)NC12CC3CC(CC(C3)C1)C2,C(CN[*:1])CN1CCOCC1,CHEMBL2031918,14
O=C(Nc1cccc(C(=O)[*:1])c1)NC12CC3CC(CC(C3)C1)C2,c1ccc([*:1])cc1,CHEMBL2031817,14
CC(C)(C)c1ccc(C(=O)NCc2ccc(N[*:1])cc2)cc1,CC(=O)[*:1],CHEMBL4098909,15
CC(C)(C)c1ccc(C(=O)NCc2ccc(N[*:1])cc2)cc1,O=C(C(F)(F)F)[*:1],CHEMBL4071919,15
CC(C)(C)c1ccc(C(=O)NCc2ccc(N[*:1])cc2)cc1,CS(=O)(=O)[*:1],CHEMBL4061980,15
O=C(CC12CC3CC(CC(C3)C1)C2)Nc1cccc(OCCCCN2CCN([*:1])CC2)c1,CC(=O)[*:1],CHEMBL3222129,16
O=C(CC12CC3CC(CC(C3)C1)C2)Nc1cccc(OCCCCN2CCN([*:1])CC2)c1,CC(C)(C)OC(=O)[*:1],CHEMBL3222130,16
O=C(CC12CC3CC(CC(C3)C1)C2)Nc1cccc(OCCCCN2CCN([*:1])CC2)c1,CS(=O)(=O)[*:1],CHEMBL3222131,16
O=C(Nc1ccc(OC(F)(F)F)cc1)NC1CCN(C(=O)CN2CCN([*:1])CC2)CC1,CC(=O)[*:1],CHEMBL1257404,17
O=C(Nc1ccc(OC(F)(F)F)cc1)NC1CCN(C(=O)CN2CCN([*:1])CC2)CC1,c1ccc(C[*:1])cc1,CHEMBL1257286,17
O=C(Nc1ccc(OC(F)(F)F)cc1)NC1CCN(C(=O)C[*:1])CC1,CC(=O)N1CCN([*:1])CC1,CHEMBL1257404,18
O=C(Nc1ccc(OC(F)(F)F)cc1)NC1CCN(C(=O)C[*:1])CC1,[*:1],CHEMBL1668934,18
CC(C)(C)c1ccc(C(=O)NCc2ccc([*:1])cc2)cc1,CC(=O)[*:1],CHEMBL4076701,19
CC(C)(C)c1ccc(C(=O)NCc2ccc([*:1])cc2)cc1,O=C(O)CC[*:1],CHEMBL4072573,19
O=C(Nc1ccc(O[*:1])cc1)NC12CC3CC(CC(C3)C1)C2,CC(=O)[*:1],CHEMBL476058,20
O=C(Nc1ccc(O[*:1])cc1)NC12CC3CC(CC(C3)C1)C2,CCOC(=O)C(F)(F)[*:1],CHEMBL2031930,20
O=C(Nc1ccc(O[*:1])cc1)NC12CC3CC(CC(C3)C1)C2,CCOC(=O)C[*:1],CHEMBL2031808,20
O=C(Nc1ccc(O[*:1])cc1)NC12CC3CC(CC(C3)C1)C2,CCOCCOCC[*:1],CHEMBL438867,20
O=C(Nc1ccc(O[*:1])cc1)NC12CC3CC(CC(C3)C1)C2,C[*:1],CHEMBL477067,20
O=C(Nc1ccc(O[*:1])cc1)NC12CC3CC(CC(C3)C1)C2,O=C(c1ccccc1)[*:1],CHEMBL514055,20
O=C(Nc1ccc(O[*:1])cc1)NC12CC3CC(CC(C3)C1)C2,C(CN1CCOCC1)C[*:1],CHEMBL245159,20
O=C(Nc1ccc(O[*:1])cc1)NC12CC3CC(CC(C3)C1)C2,[*:1],CHEMBL477872,20
O=C(Nc1cccc(O[*:1])c1)NC12CC3CC(CC(C3)C1)C2,CC(=O)[*:1],CHEMBL476056,21
O=C(Nc1cccc(O[*:1])c1)NC12CC3CC(CC(C3)C1)C2,CCOCCOCC[*:1],CHEMBL396760,21
O=C(Nc1cccc(O[*:1])c1)NC12CC3CC(CC(C3)C1)C2,C[*:1],CHEMBL516890,21
O=C(Nc1cccc(O[*:1])c1)NC12CC3CC(CC(C3)C1)C2,FC(F)(F)[*:1],CHEMBL2031791,21
O=C(Nc1cccc(O[*:1])c1)NC12CC3CC(CC(C3)C1)C2,O=C(c1ccccc1)[*:1],CHEMBL476057,21
O=C(Nc1cccc(O[*:1])c1)NC12CC3CC(CC(C3)C1)C2,FC(F)C(F)(F)[*:1],CHEMBL2031802,21
O=C(Nc1cccc(O[*:1])c1)NC12CC3CC(CC(C3)C1)C2,FC(F)[*:1],CHEMBL2031798,21
O=C(Nc1cccc(O[*:1])c1)NC12CC3CC(CC(C3)C1)C2,C(CN1CCOCC1)C[*:1],CHEMBL458165,21
O=C(Nc1cccc(O[*:1])c1)NC12CC3CC(CC(C3)C1)C2,[*:1],CHEMBL477671,21
O=C(Nc1ccc([*:1])cc1)NC12CC3CC(CC(C3)C1)C2,CC(=O)[*:1],CHEMBL2031804,22
O=C(Nc1ccc([*:1])cc1)NC12CC3CC(CC(C3)C1)C2,COC(=O)C[*:1],CHEMBL477238,22
O=C(Nc1ccc([*:1])cc1)NC12CC3CC(CC(C3)C1)C2,COC(=O)CC[*:1],CHEMBL477237,22
O=C(Nc1ccc([*:1])cc1)NC12CC3CC(CC(C3)C1)C2,COC(=O)CCC[*:1],CHEMBL514369,22
O=C(Nc1ccc([*:1])cc1)NC12CC3CC(CC(C3)C1)C2,O=C(c1ccccc1)[*:1],CHEMBL2031814,22
O=C(Nc1ccc([*:1])cc1)NC12CC3CC(CC(C3)C1)C2,O=C(C[*:1])c1ccccc1,CHEMBL2031940,22
O=C(Nc1ccc([*:1])cc1)NC12CC3CC(CC(C3)C1)C2,O=C(O)CCC[*:1],CHEMBL476843,22
O=C(Nc1ccc([*:1])cc1)NC12CC3CC(CC(C3)C1)C2,O=C(O)CC[*:1],CHEMBL477041,22
O=C(Nc1ccc([*:1])cc1)NC12CC3CC(CC(C3)C1)C2,O=C(O)C[*:1],CHEMBL478147,22
O=C(Nc1ccc([*:1])cc1)NC12CC3CC(CC(C3)C1)C2,[*:1],CHEMBL516415,22
O=C(NC1CCN([*:1])CC1)NC12CC3CC(CC(C3)O1)C2,CC(=O)c1ccc([*:1])cc1,CHEMBL4753341,23
O=C(NC1CCN([*:1])CC1)NC12CC3CC(CC(C3)O1)C2,CC(C)S(=O)(=O)[*:1],CHEMBL4784283,23
O=C(NC1CCN([*:1])CC1)NC12CC3CC(CC(C3)O1)C2,CCC(=O)[*:1],CHEMBL4764423,23
O=C(NC1CCN([*:1])CC1)NC12CC3CC(CC(C3)O1)C2,CNc1nc(C)nc([*:1])n1,CHEMBL4746168,23
O=C(NC1CCN([*:1])CC1)NC12CC3CC(CC(C3)O1)C2,CS(=O)(=O)[*:1],CHEMBL4758083,23
O=C(NC1CCN([*:1])CC1)NC12CC3CC(CC(C3)O1)C2,O=C(C1CC1)[*:1],CHEMBL4800149,23
O=C(NC1CCN([*:1])CC1)NC12CC3CC(CC(C3)O1)C2,O=C(C1CCOCC1)[*:1],CHEMBL4762846,23
O=C(NC1CCN([*:1])CC1)NC12CC3CC(CC(C3)O1)C2,O=C(c1ccccc1F)[*:1],CHEMBL4784603,23
O=C(NC1CCN([*:1])CC1)NC12CC3CC(CC(C3)O1)C2,O=C(c1cccnc1)[*:1],CHEMBL4785423,23
O=C(NC1CCN([*:1])CC1)NC12CC3CC(CC(C3)O1)C2,c1ccc(C[*:1])cc1,CHEMBL4748933,23
O=C(NC1CCN([*:1])CC1)NC12CC3CC(CC(C3)O1)C2,CC(=O)[*:1],CHEMBL4759592,23
O=C(NC1CCCCCC1)C1CCN(S(=O)(=O)c2ccc([*:1])cc2)CC1,CC(=O)[*:1],CHEMBL1933502,24
O=C(NC1CCCCCC1)C1CCN(S(=O)(=O)c2ccc([*:1])cc2)CC1,CC(C)(C)[*:1],CHEMBL1933503,24
O=C(NC1CCCCCC1)C1CCN(S(=O)(=O)c2ccc([*:1])cc2)CC1,CC(C)[*:1],CHEMBL1933514,24
O=C(NC1CCCCCC1)C1CCN(S(=O)(=O)c2ccc([*:1])cc2)CC1,[*:1],CHEMBL1705444,24
O=C(Nc1cccc([*:1])c1)NC12CC3CC(CC(C3)C1)C2,CC(=O)[*:1],CHEMBL2031807,25
O=C(Nc1cccc([*:1])c1)NC12CC3CC(CC(C3)C1)C2,O=C(c1ccccc1)[*:1],CHEMBL2031817,25
O=C(Nc1cccc([*:1])c1)NC12CC3CC(CC(C3)C1)C2,[*:1],CHEMBL516415,25
O=C(Nc1ccc(OC(F)(F)F)cc1)N1CCC2(CCN([*:1])CC2)C1,CC(C)(C)C(=O)[*:1],CHEMBL2436590,26
O=C(Nc1ccc(OC(F)(F)F)cc1)N1CCC2(CCN([*:1])CC2)C1,CC1CC1C(=O)[*:1],CHEMBL2436588,26
O=C(Nc1ccc(OC(F)(F)F)cc1)N1CCC2(CCN([*:1])CC2)C1,CCC(CC)C(=O)[*:1],CHEMBL2436591,26
O=C(Nc1ccc(OC(F)(F)F)cc1)N1CCC2(CCN([*:1])CC2)C1,CCCCC(=O)[*:1],CHEMBL2436592,26
O=C(Nc1ccc(OC(F)(F)F)cc1)N1CCC2(CCN([*:1])CC2)C1,Cc1cc(C(=O)[*:1])no1,CHEMBL2436578,26
O=C(Nc1ccc(OC(F)(F)F)cc1)N1CCC2(CCN([*:1])CC2)C1,Cc1cnc(C(=O)[*:1])cn1,CHEMBL2436577,26
O=C(Nc1ccc(OC(F)(F)F)cc1)N1CCC2(CCN([*:1])CC2)C1,Cc1occc1C(=O)[*:1],CHEMBL2436580,26
O=C(Nc1ccc(OC(F)(F)F)cc1)N1CCC2(CCN([*:1])CC2)C1,O=C(CC1CC1)[*:1],CHEMBL2436589,26
O=C(Nc1ccc(OC(F)(F)F)cc1)N1CCC2(CCN([*:1])CC2)C1,O=C(CCc1cccc(O)c1)[*:1],CHEMBL2436593,26
O=C(Nc1ccc(OC(F)(F)F)cc1)N1CCC2(CCN([*:1])CC2)C1,O=C(C1(C(F)(F)F)CC1)[*:1],CHEMBL2436586,26
O=C(Nc1ccc(OC(F)(F)F)cc1)N1CCC2(CCN([*:1])CC2)C1,O=C(C1CC1(F)F)[*:1],CHEMBL2436587,26
O=C(Nc1ccc(OC(F)(F)F)cc1)N1CCC2(CCN([*:1])CC2)C1,O=C(C1CCCCC1)[*:1],CHEMBL2436584,26
O=C(Nc1ccc(OC(F)(F)F)cc1)N1CCC2(CCN([*:1])CC2)C1,O=C(C1CCC(O)CC1)[*:1],CHEMBL2436585,26
O=C(Nc1ccc(OC(F)(F)F)cc1)N1CCC2(CCN([*:1])CC2)C1,O=C(C1CCOCC1)[*:1],CHEMBL2436583,26
O=C(Nc1ccc(OC(F)(F)F)cc1)N1CCC2(CCN([*:1])CC2)C1,O=C(C1CCOC1)[*:1],CHEMBL2436582,26
O=C(Nc1ccc(OC(F)(F)F)cc1)N1CCC2(CCN([*:1])CC2)C1,O=C(c1c(F)cccc1F)[*:1],CHEMBL2436564,26
O=C(Nc1ccc(OC(F)(F)F)cc1)N1CCC2(CCN([*:1])CC2)C1,O=C(c1cc(O)ccc1F)[*:1],CHEMBL2436573,26
O=C(Nc1ccc(OC(F)(F)F)cc1)N1CCC2(CCN([*:1])CC2)C1,O=C(c1cccc2[nH]cnc12)[*:1],CHEMBL2436576,26
O=C(Nc1ccc(OC(F)(F)F)cc1)N1CCC2(CCN([*:1])CC2)C1,O=C(c1ccco1)[*:1],CHEMBL2436581,26
O=C(Nc1ccc(OC(F)(F)F)cc1)N1CCC2(CCN([*:1])CC2)C1,O=C(c1ccccc1F)[*:1],CHEMBL2436572,26
O=C(Nc1ccc(OC(F)(F)F)cc1)N1CCC2(CCN([*:1])CC2)C1,O=C(c1ccccc1Cl)[*:1],CHEMBL2436574,26
O=C(Nc1ccc(OC(F)(F)F)cc1)N1CCC2(CCN([*:1])CC2)C1,O=C(c1cnoc1C1CC1)[*:1],CHEMBL2436579,26
O=C(Nc1ccc(OC(F)(F)F)cc1)N1CCC2(CCN([*:1])CC2)C1,O=C(c1cccc2ncccc12)[*:1],CHEMBL2436575,26
O=C(NC1C2CC3CC(C2)CC1C3)[*:1],CC(C)(C)N[*:1],CHEMBL1818398,27
O=C(NC1C2CC3CC(C2)CC1C3)[*:1],CC(C)N[*:1],CHEMBL1563200,27
O=C(NC1C2CC3CC(C2)CC1C3)[*:1],CCCCCN[*:1],CHEMBL1818400,27
O=C(NC1C2CC3CC(C2)CC1C3)[*:1],CCCN[*:1],CHEMBL1818399,27
O=C(NC1C2CC3CC(C2)CC1C3)[*:1],c1coc(N[*:1])n1,CHEMBL2392733,27
Cc1cc(C(=O)[*:1])ccc1N(CCN1CCOCC1)C(=O)Nc1ccc(Cl)cc1,CC(=O)c1ccc(N[*:1])cc1,CHEMBL5190767,28
Cc1cc(C(=O)[*:1])ccc1N(CCN1CCOCC1)C(=O)Nc1ccc(Cl)cc1,FC(F)(F)c1ccc(N[*:1])cn1,CHEMBL5188028,28
Cc1cc(C(=O)[*:1])ccc1N(CCN1CCOCC1)C(=O)Nc1ccc(Cl)cc1,c1cc2c(cc1N[*:1])OCO2,CHEMBL5189164,28
Cc1cc(C(=O)[*:1])ccc1N(CCN1CCOCC1)C(=O)Nc1ccc(Cl)cc1,c1ccc(N[*:1])nc1,CHEMBL5194123,28
Cc1cc(C(=O)[*:1])ccc1N(CCN1CCOCC1)C(=O)Nc1ccc(Cl)cc1,Cn1cc(N[*:1])cn1,CHEMBL5190684,28
Cc1cc(C(=O)[*:1])ccc1N(CCN1CCOCC1)C(=O)Nc1ccc(Cl)cc1,Fc1ccc(N[*:1])nc1,CHEMBL5201407,28
O=C(C[*:1])Nc1cccc(OCCCN2CCOCC2)c1,CC(C)(C)[*:1],CHEMBL552469,29
O=C(C[*:1])Nc1cccc(OCCCN2CCOCC2)c1,C1CCC([*:1])CC1,CHEMBL454959,29
O=C(C[*:1])Nc1cccc(OCCCN2CCOCC2)c1,C1C2CC3CC1CC([*:1])(C2)C3,CHEMBL456632,29
O=C(C[*:1])Nc1cccc(OCCCN2CCOCC2)c1,FC(F)(F)c1ccc([*:1])cc1,CHEMBL459778,29
O=C(C[*:1])Nc1cccc(OCCCN2CCOCC2)c1,Fc1ccc([*:1])cc1F,CHEMBL550794,29
O=C(C[*:1])Nc1cccc(OCCCN2CCOCC2)c1,Fc1ccc([*:1])cc1,CHEMBL564272,29
O=C(C[*:1])Nc1cccc(OCCCN2CCOCC2)c1,c1cc2c(cc1[*:1])OCO2,CHEMBL550046,29
O=C(C[*:1])Nc1cccc(OCCCN2CCOCC2)c1,Clc1ccc([*:1])cc1,CHEMBL557509,29
c1cc(N[*:1])cc(OCCCN2CCOCC2)c1,CC(C)(C)CC(=O)[*:1],CHEMBL552469,30
c1cc(N[*:1])cc(OCCCN2CCOCC2)c1,CC(C)(C)NC(=O)[*:1],CHEMBL550923,30
O=C(Nc1cccc(OCCCN2CCOCC2)c1)[*:1],CC(C)(C)N[*:1],CHEMBL550923,31
O=C(Nc1cccc(OCCCN2CCOCC2)c1)[*:1],Clc1ccc(N[*:1])cc1,CHEMBL564360,31
O=C(Nc1cccc(OCCCN2CCOCC2)c1)[*:1],Fc1ccc(N[*:1])cc1,CHEMBL551126,31
O=C(Nc1cccc(OCCCN2CCOCC2)c1)[*:1],C1CCC(N[*:1])CC1,CHEMBL458166,31
O=C(Nc1cccc(OCCCN2CCOCC2)c1)[*:1],Clc1cccc(Cl)c1N[*:1],CHEMBL563753,31
O=C(Nc1cccc(OCCCN2CCOCC2)c1)[*:1],Fc1ccc(N[*:1])cc1F,CHEMBL561466,31
O=C(Nc1cccc(OCCCN2CCOCC2)c1)[*:1],Fc1ccc(N[*:1])c(F)c1,CHEMBL565016,31
O=C(Nc1cccc(OCCCN2CCOCC2)c1)[*:1],c1ccc(N[*:1])cc1,CHEMBL540430,31
O=C(Nc1cccc(OCCCN2CCOCC2)c1)[*:1],c1cncc(N[*:1])c1,CHEMBL560720,31
O=C(NC1CCC(O[*:1])CC1)NC12CC3CC(CC(C3)C1)C2,C=CC[*:1],CHEMBL2031951,32
O=C(NC1CCC(O[*:1])CC1)NC12CC3CC(CC(C3)C1)C2,CCCCC[*:1],CHEMBL2031926_CHEMBL439577,32
O=C(NC1CCC(O[*:1])CC1)NC12CC3CC(CC(C3)C1)C2,CCOCCOCC[*:1],CHEMBL244068,32
O=C(NC1CCC(O[*:1])CC1)NC12CC3CC(CC(C3)C1)C2,C[*:1],CHEMBL242256_CHEMBL242470,32
O=C(NC1CCC(O[*:1])CC1)NC12CC3CC(CC(C3)C1)C2,Cc1ccccc1C[*:1],CHEMBL395989_CHEMBL397426,32
O=C(NC1CCC(O[*:1])CC1)NC12CC3CC(CC(C3)C1)C2,O=C(c1ccccc1)[*:1],CHEMBL2031950,32
O=C(NC1CCC(O[*:1])CC1)NC12CC3CC(CC(C3)C1)C2,C1CCC([*:1])CC1,CHEMBL2031789,32
O=C(NC1CCC(O[*:1])CC1)NC12CC3CC(CC(C3)C1)C2,C1CCC(C[*:1])CC1,CHEMBL395987_CHEMBL397669,32
O=C(NC1CCC(O[*:1])CC1)NC12CC3CC(CC(C3)C1)C2,Clc1cccc(Cl)c1C[*:1],CHEMBL242025_CHEMBL243124,32
O=C(NC1CCC(O[*:1])CC1)NC12CC3CC(CC(C3)C1)C2,c1ccc(C[*:1])cc1,CHEMBL242898_CHEMBL395988,32
O=C(NC1CCC(O[*:1])CC1)NC12CC3CC(CC(C3)C1)C2,Clc1ccccc1C[*:1],CHEMBL242900_CHEMBL245255,32
O=C(NC1CCC(O[*:1])CC1)NC12CC3CC(CC(C3)C1)C2,Fc1cccc(F)c1C[*:1],CHEMBL376647_CHEMBL395738,32
O=C(NC1CCC(O[*:1])CC1)NC12CC3CC(CC(C3)C1)C2,C(CN1CCOCC1)C[*:1],CHEMBL2031949_CHEMBL245158,32
O=C(NC1CCC(O[*:1])CC1)NC12CC3CC(CC(C3)C1)C2,Brc1ccc(C[*:1])cc1,CHEMBL242460_CHEMBL242899,32
O=C(NC1CCC(O[*:1])CC1)NC12CC3CC(CC(C3)C1)C2,[*:1],CHEMBL242257_CHEMBL395714,32
O=C(NC1CCC([*:1])CC1)NC12CC3CC(CC(C3)C1)C2,C=CCO[*:1],CHEMBL2031951,33
O=C(NC1CCC([*:1])CC1)NC12CC3CC(CC(C3)C1)C2,CCCCCO[*:1],CHEMBL2031926_CHEMBL439577,33
O=C(NC1CCC([*:1])CC1)NC12CC3CC(CC(C3)C1)C2,CCOCCOCCO[*:1],CHEMBL244068,33
O=C(NC1CCC([*:1])CC1)NC12CC3CC(CC(C3)C1)C2,CO[*:1],CHEMBL242256_CHEMBL242470,33
O=C(NC1CCC([*:1])CC1)NC12CC3CC(CC(C3)C1)C2,COc1ccc(O[*:1])cc1,CHEMBL244192_CHEMBL427695,33
O=C(NC1CCC([*:1])CC1)NC12CC3CC(CC(C3)C1)C2,Cc1ccccc1CO[*:1],CHEMBL395989_CHEMBL397426,33
O=C(NC1CCC([*:1])CC1)NC12CC3CC(CC(C3)C1)C2,Fc1ccc(C[*:1])cc1,CHEMBL243522,33
O=C(NC1CCC([*:1])CC1)NC12CC3CC(CC(C3)C1)C2,C1CCC(O[*:1])CC1,CHEMBL2031789,33
O=C(NC1CCC([*:1])CC1)NC12CC3CC(CC(C3)C1)C2,Fc1cc(F)cc(O[*:1])c1,CHEMBL243336_CHEMBL396546,33
O=C(NC1CCC([*:1])CC1)NC12CC3CC(CC(C3)C1)C2,C1CCC(CO[*:1])CC1,CHEMBL395987_CHEMBL397669,33
O=C(NC1CCC([*:1])CC1)NC12CC3CC(CC(C3)C1)C2,Clc1cccc(Cl)c1CO[*:1],CHEMBL242025_CHEMBL243124,33
O=C(NC1CCC([*:1])CC1)NC12CC3CC(CC(C3)C1)C2,c1ccc(CO[*:1])cc1,CHEMBL242898_CHEMBL395988,33
O=C(NC1CCC([*:1])CC1)NC12CC3CC(CC(C3)C1)C2,Clc1ccccc1CO[*:1],CHEMBL242900_CHEMBL245255,33
O=C(NC1CCC([*:1])CC1)NC12CC3CC(CC(C3)C1)C2,Brc1ccc(O[*:1])cc1,CHEMBL243125_CHEMBL243337,33
O=C(NC1CCC([*:1])CC1)NC12CC3CC(CC(C3)C1)C2,Fc1cccc(F)c1CO[*:1],CHEMBL376647_CHEMBL395738,33
O=C(NC1CCC([*:1])CC1)NC12CC3CC(CC(C3)C1)C2,C(CO[*:1])CN1CCOCC1,CHEMBL2031949_CHEMBL245158,33
O=C(NC1CCC([*:1])CC1)NC12CC3CC(CC(C3)C1)C2,Fc1ccc(O[*:1])cc1,CHEMBL243335_CHEMBL374322,33
O=C(NC1CCC([*:1])CC1)NC12CC3CC(CC(C3)C1)C2,O=[N+]([O-])c1ccc(O[*:1])cc1,CHEMBL244193_CHEMBL397694,33
O=C(NC1CCC([*:1])CC1)NC12CC3CC(CC(C3)C1)C2,O=C(O)c1ccccc1O[*:1],CHEMBL244407,33
O=C(NC1CCC([*:1])CC1)NC12CC3CC(CC(C3)C1)C2,Brc1ccc(CO[*:1])cc1,CHEMBL242460_CHEMBL242899,33
O=C(NC1CCC([*:1])CC1)NC12CC3CC(CC(C3)C1)C2,O=C(O)c1cccc(O[*:1])c1,CHEMBL244406,33
O=C(NC1CCC([*:1])CC1)NC12CC3CC(CC(C3)C1)C2,[*:1],CHEMBL242255,33
O=C(O)c1ccc(CNC(=O)c2ccc([*:1])cc2)cc1,CC(C)(C)[*:1],CHEMBL4094234,34
O=C(O)c1ccc(CNC(=O)c2ccc([*:1])cc2)cc1,c1ccc([*:1])cc1,CHEMBL4068899,34
CC12CC3CC(NC(=O)NC4CCN([*:1])CC4)(CC(C1)c1ccccc13)C2,CC(=O)[*:1],CHEMBL5081815,35
CC12CC3CC(NC(=O)NC4CCN([*:1])CC4)(CC(C1)c1ccccc13)C2,CC(C)S(=O)(=O)[*:1],CHEMBL5197431,35
CC12CC3CC(NC(=O)NC4CCN([*:1])CC4)(CC(C1)c1ccccc13)C2,O=C(C1CC1)[*:1],CHEMBL5197282,35
CC12CC3CC(NC(=O)NC4CCN([*:1])CC4)(CC(C1)c1ccccc13)C2,O=C(C1CCOCC1)[*:1],CHEMBL5179393,35
CC12CC3CC(NC(=O)NC4CCN([*:1])CC4)(CC(C1)c1ccccc13)C2,CCC(=O)[*:1],CHEMBL5193653,35
CC(C)(C)c1ccc(C(=O)NCc2ccc(C(=O)[*:1])cc2)cc1,N[*:1],CHEMBL4081891,36
CC(C)(C)c1ccc(C(=O)NCc2ccc(C(=O)[*:1])cc2)cc1,CN(C)[*:1],CHEMBL4093640,36
CC(C)(C)c1ccc(C(=O)NCc2ccc(C(=O)[*:1])cc2)cc1,CN[*:1],CHEMBL4072936,36
CC(C)(C)c1ccc(C(=O)NCc2ccc(C(=O)[*:1])cc2)cc1,[*:1],CHEMBL4091019,36
CC(C)(C)c1ccc(C(=O)NCc2ccc(N[*:1])cc2Cl)cc1,O=C(C(F)(F)F)[*:1],CHEMBL4087681,37
CC(C)(C)c1ccc(C(=O)NCc2ccc(N[*:1])cc2Cl)cc1,O=S(=O)(C1CC1)[*:1],CHEMBL5081303,37
CC(C)(C)c1ccc(C(=O)NCc2ccc(N[*:1])cc2Cl)cc1,O=S(=O)(C(F)(F)F)[*:1],CHEMBL5081384,37
CC(C)(C)c1ccc(C(=O)NCc2ccc(N[*:1])cc2Cl)cc1,CS(=O)(=O)[*:1],CHEMBL4066332,37
CC(C)(C)c1ccc(C(=O)NCc2ccc(N[*:1])cc2Cl)cc1,CC(C)S(=O)(=O)[*:1],CHEMBL5080537,37
CC(C)(C)c1ccc(C(=O)NCc2ccc(N[*:1])cc2Cl)cc1,CCS(=O)(=O)[*:1],CHEMBL5092029,37
CC(C)(C)c1ccc(C(=O)NCc2ccc(N[*:1])cc2Cl)cc1,[*:1],CHEMBL4095371,37
CS(=O)(=O)Nc1ccc(CNC(=O)c2ccc([*:1])cc2)c(Cl)c1,CC(C)(C)[*:1],CHEMBL4066332,38
CS(=O)(=O)Nc1ccc(CNC(=O)c2ccc([*:1])cc2)c(Cl)c1,CC(C)(O)[*:1],CHEMBL5079511,38
CS(=O)(=O)Nc1ccc(CNC(=O)c2ccc([*:1])cc2)c(Cl)c1,CN(C)[*:1],CHEMBL5075589,38
CS(=O)(=O)Nc1ccc(CNC(=O)c2ccc([*:1])cc2)c(Cl)c1,OC1([*:1])COC1,CHEMBL5091524,38
CS(=O)(=O)Nc1ccc(CNC(=O)c2ccc([*:1])cc2)c(Cl)c1,C1C2CC1([*:1])C2,CHEMBL5082993,38
CS(=O)(=O)Nc1ccc(CNC(=O)c2ccc([*:1])cc2)c(Cl)c1,FC(F)(F)C[*:1],CHEMBL5087098,38
CS(=O)(=O)Nc1ccc(CNC(=O)c2ccc([*:1])cc2)c(Cl)c1,FC(F)(F)C1([*:1])CC1,CHEMBL5092609,38
CS(=O)(=O)Nc1ccc(CNC(=O)c2ccc([*:1])cc2)c(Cl)c1,C1CN([*:1])C1,CHEMBL5074951,38
CS(=O)(=O)Nc1ccc(CNC(=O)c2ccc([*:1])cc2)c(Cl)c1,C1CCN([*:1])C1,CHEMBL5093488,38
CS(=O)(=O)Nc1ccc(CNC(=O)c2ccc([*:1])cc2)c(Cl)c1,C1CN([*:1])CCO1,CHEMBL5090857,38
CS(=O)(=O)Nc1ccc(CNC(=O)c2ccc([*:1])cc2)c(Cl)c1,C1CCN([*:1])CC1,CHEMBL5083732,38
CC(C)(C)c1ccc(C(=O)NCc2ccc(O[*:1])cc2)cc1,FC(F)(F)[*:1],CHEMBL4092436,39
CC(C)(C)c1ccc(C(=O)NCc2ccc(O[*:1])cc2)cc1,CC[*:1],CHEMBL4100178,39
CC(C)(C)c1ccc(C(=O)NCc2ccc(O[*:1])cc2)cc1,C[*:1],CHEMBL1300445,39
O=C(NCc1ccc(OC(F)(F)F)cc1)c1ccc([*:1])cc1,CC(C)(C)[*:1],CHEMBL4092436,40
O=C(NCc1ccc(OC(F)(F)F)cc1)c1ccc([*:1])cc1,CCOC(=O)C(CC)C[*:1],CHEMBL3764546,40
CC(C)=CC=C1C(=O)N([*:1])c2ccccc21,C[*:1],CHEMBL4068980_CHEMBL4090057,41
CC(C)=CC=C1C(=O)N([*:1])c2ccccc21,[*:1],CHEMBL4060303,41
CC(C)(C)c1ccc(C(=O)NCc2ccc(S[*:1])cc2)cc1,FC(F)(F)[*:1],CHEMBL4074393,42
CC(C)(C)c1ccc(C(=O)NCc2ccc(S[*:1])cc2)cc1,C[*:1],CHEMBL4064739,42
O=C(NC1CCN([*:1])CC1)NC12CC3CC(F)(CC(C1)c1ccccc13)C2,CC(=O)[*:1],CHEMBL5169759,43
O=C(NC1CCN([*:1])CC1)NC12CC3CC(F)(CC(C1)c1ccccc13)C2,O=C(C1CCOCC1)[*:1],CHEMBL5203787,43
O=C(NC1CCN([*:1])CC1)NC12CC3CC(F)(CC(C1)c1ccccc13)C2,O=C(C1CC1)[*:1],CHEMBL5177372,43
O=C(Nc1ccc([*:1])cc1)NC1CCCCC1,CC(C)(C)[*:1],CHEMBL2029374,44
O=C(Nc1ccc([*:1])cc1)NC1CCCCC1,CC(C)[*:1],CHEMBL1360431,44
O=C(Nc1ccc([*:1])cc1)NC1CCCCC1,CCCCCC[*:1],CHEMBL2031932,44
O=C(Nc1ccc([*:1])cc1)NC1CCCCC1,[*:1],CHEMBL365939,44
CC12CC3CC(C)(C1)CC(NC(=O)CCCC(=O)[*:1])(C3)C2,CC(C)CN[*:1],CHEMBL4866920,45
CC12CC3CC(C)(C1)CC(NC(=O)CCCC(=O)[*:1])(C3)C2,C1CCN([*:1])CC1,CHEMBL4850263,45
CC12CC3CC(C)(C1)CC(NC(=O)CCCC(=O)[*:1])(C3)C2,C1CCC(N[*:1])CC1,CHEMBL4857189,45
CC(NC(=O)Nc1ccc(C(=O)[*:1])cc1)C12CC3CC(CC(C3)C1)C2,CC(C)CN[*:1],CHEMBL4858305,46
CC(NC(=O)Nc1ccc(C(=O)[*:1])cc1)C12CC3CC(CC(C3)C1)C2,C1CCN([*:1])CC1,CHEMBL4859241,46
CC(NC(=O)Nc1ccc(C(=O)[*:1])cc1)C12CC3CC(CC(C3)C1)C2,C1CCC(N[*:1])CC1,CHEMBL4864530,46
O=C(CCCCCNC(=O)NC1CCCCC1)NC(Cc1ccccc1)C(=O)[*:1],CC(C)C(N[*:1])C(=O)O,CHEMBL219385,47
O=C(CCCCCNC(=O)NC1CCCCC1)NC(Cc1ccccc1)C(=O)[*:1],CC(C)CC(N[*:1])C(=O)O,CHEMBL438269,47
O=C(CCCCCNC(=O)NC1CCCCC1)NC(Cc1ccccc1)C(=O)[*:1],CC(N[*:1])C(=O)O,CHEMBL219042,47
O=C(CCCCCNC(=O)NC1CCCCC1)NC(Cc1ccccc1)C(=O)[*:1],CC(O)C(N[*:1])C(=O)O,CHEMBL438273,47
O=C(CCCCCNC(=O)NC1CCCCC1)NC(Cc1ccccc1)C(=O)[*:1],CCC(C)C(N[*:1])C(=O)O,CHEMBL219490,47
O=C(CCCCCNC(=O)NC1CCCCC1)NC(Cc1ccccc1)C(=O)[*:1],CSCCC(N[*:1])C(=O)O,CHEMBL218113,47
O=C(CCCCCNC(=O)NC1CCCCC1)NC(Cc1ccccc1)C(=O)[*:1],N=C(N)NCCCC(N[*:1])C(=O)O,CHEMBL219043,47
O=C(CCCCCNC(=O)NC1CCCCC1)NC(Cc1ccccc1)C(=O)[*:1],O=C(O)C1CCCN1[*:1],CHEMBL216164,47
O=C(CCCCCNC(=O)NC1CCCCC1)NC(Cc1ccccc1)C(=O)[*:1],O=C(O)C(CO)N[*:1],CHEMBL216165,47
O=C(CCCCCNC(=O)NC1CCCCC1)NC(Cc1ccccc1)C(=O)[*:1],O=C(O)C(Cc1cnc[nH]1)N[*:1],CHEMBL218402,47
O=C(CCCCCNC(=O)NC1CCCCC1)NC(Cc1ccccc1)C(=O)[*:1],O=C(O)C(Cc1ccccc1)N[*:1],CHEMBL216592,47
O=C(CCCCCNC(=O)NC1CCCCC1)NC(Cc1ccccc1)C(=O)[*:1],O=C(O)CN[*:1],CHEMBL219153,47
O=C(NC1CCCCCC1)C1CCN([*:1])CC1,CC(C)CS(=O)(=O)[*:1],CHEMBL1933493,48
O=C(NC1CCCCCC1)C1CCN([*:1])CC1,CC(C)S(=O)(=O)[*:1],CHEMBL1933494,48
O=C(NC1CCCCCC1)C1CCN([*:1])CC1,O=C(c1ccccc1)[*:1],CHEMBL1933672,48
O=C(NC1CCCCCC1)C1CCN([*:1])CC1,O=S(=O)(C1CC1)[*:1],CHEMBL1933495,48
O=C(NC1CCCCCC1)C1CCN([*:1])CC1,O=S(=O)(CCCl)[*:1],CHEMBL1933492,48
O=C(NC1CCCCCC1)C1CCN([*:1])CC1,O=S(=O)(c1cccs1)[*:1],CHEMBL1933664,48
CC12CC3CC(C)(C1)CC(NC(=O)Nc1ccc(C(=O)[*:1])cc1)(C3)C2,CC(C)CN[*:1],CHEMBL4851331,49
CC12CC3CC(C)(C1)CC(NC(=O)Nc1ccc(C(=O)[*:1])cc1)(C3)C2,C1CCN([*:1])CC1,CHEMBL4869434,49
CC12CC3CC(C)(C1)CC(NC(=O)Nc1ccc(C(=O)[*:1])cc1)(C3)C2,C1CCC(N[*:1])CC1,CHEMBL4850972,49
O=C(Nc1ccc(C(=O)[*:1])cc1)NC12CC3CC(CC(O)(C3)C1)C2,CC(C)CN[*:1],CHEMBL4873286,50
O=C(Nc1ccc(C(=O)[*:1])cc1)NC12CC3CC(CC(O)(C3)C1)C2,C1CCN([*:1])CC1,CHEMBL4859735,50
O=C(Nc1ccc(C(=O)[*:1])cc1)NC12CC3CC(CC(O)(C3)C1)C2,C1CCC(N[*:1])CC1,CHEMBL4846289,50
O=C(Nc1ccc(C(=O)[*:1])cc1)NC1C2CC3CC(C2)CC1C3,CC(C)CN[*:1],CHEMBL4853005,51
O=C(Nc1ccc(C(=O)[*:1])cc1)NC1C2CC3CC(C2)CC1C3,C1CCN([*:1])CC1,CHEMBL4872738,51
O=C(Nc1ccc(C(=O)[*:1])cc1)NC1C2CC3CC(C2)CC1C3,C1CCC(N[*:1])CC1,CHEMBL4872410,51
O=C(Nc1ccc(C(=O)[*:1])cc1)NC1C2CC3CC1CC(O)(C3)C2,CC(C)CN[*:1],CHEMBL4876443,52
O=C(Nc1ccc(C(=O)[*:1])cc1)NC1C2CC3CC1CC(O)(C3)C2,C1CCN([*:1])CC1,CHEMBL4862785,52
O=C(Nc1ccc(C(=O)[*:1])cc1)NC1C2CC3CC1CC(O)(C3)C2,C1CCC(N[*:1])CC1,CHEMBL4850761,52
O=C(NCc1ccc(CS(=O)(=O)C2CC2)cc1C(F)(F)F)c1ccc2c(ccn2[*:1])c1,CC(C)C[*:1],CHEMBL5078180,53
O=C(NCc1ccc(CS(=O)(=O)C2CC2)cc1C(F)(F)F)c1ccc2c(ccn2[*:1])c1,CC(C)S(=O)(=O)[*:1],CHEMBL5074984,53
O=C(NCc1ccc(CS(=O)(=O)C2CC2)cc1C(F)(F)F)c1ccc2c(ccn2[*:1])c1,CC(C)[*:1],CHEMBL5081013,53
O=C(NCc1ccc(CS(=O)(=O)C2CC2)cc1C(F)(F)F)c1ccc2c(ccn2[*:1])c1,CC[*:1],CHEMBL5092964,53
O=C(NCc1ccc(CS(=O)(=O)C2CC2)cc1C(F)(F)F)c1ccc2c(ccn2[*:1])c1,CN(C)C(=O)C[*:1],CHEMBL5083502,53
O=C(NCc1ccc(CS(=O)(=O)C2CC2)cc1C(F)(F)F)c1ccc2c(ccn2[*:1])c1,CN(C)CC[*:1],CHEMBL5076425,53
O=C(NCc1ccc(CS(=O)(=O)C2CC2)cc1C(F)(F)F)c1ccc2c(ccn2[*:1])c1,COCC[*:1],CHEMBL5074074,53
O=C(NCc1ccc(CS(=O)(=O)C2CC2)cc1C(F)(F)F)c1ccc2c(ccn2[*:1])c1,C[*:1],CHEMBL5090820,53
O=C(NCc1ccc(CS(=O)(=O)C2CC2)cc1C(F)(F)F)c1ccc2c(ccn2[*:1])c1,C1CC1C[*:1],CHEMBL5081457,53
O=C(NCc1ccc(CS(=O)(=O)C2CC2)cc1C(F)(F)F)c1ccc2c(ccn2[*:1])c1,FC(F)(F)C(C[*:1])C(F)(F)F,CHEMBL5090087,53
O=C(NCc1ccc(CS(=O)(=O)C2CC2)cc1C(F)(F)F)c1ccc2c(ccn2[*:1])c1,C1OCC1C[*:1],CHEMBL5091134,53
O=C(NCc1ccc(CS(=O)(=O)C2CC2)cc1C(F)(F)F)c1ccc2c(ccn2[*:1])c1,O=S(=O)(c1cccc(F)c1)[*:1],CHEMBL5088299,53
O=C(NCc1ccc(CS(=O)(=O)C2CC2)cc1C(F)(F)F)c1ccc2c(ccn2[*:1])c1,[*:1],CHEMBL5077363,53
CS(=O)(=O)Nc1ccc(CNC(=O)c2ccc(O[*:1])cc2)c(Cl)c1,CC(C)[*:1],CHEMBL5073088,54
CS(=O)(=O)Nc1ccc(CNC(=O)c2ccc(O[*:1])cc2)c(Cl)c1,CC[*:1],CHEMBL5075316,54
CS(=O)(=O)Nc1ccc(CNC(=O)c2ccc(O[*:1])cc2)c(Cl)c1,C[*:1],CHEMBL5070912,54
CS(=O)(=O)Nc1ccc(CNC(=O)c2ccc(O[*:1])cc2)c(Cl)c1,FC(F)(F)[*:1],CHEMBL5071639,54
O=C(NCC[*:1])NC12CC3CC(CC(C3)C1)C2,CC(C)O[*:1],CHEMBL1818418,55
O=C(NCC[*:1])NC12CC3CC(CC(C3)C1)C2,CCCCCCCC[*:1],CHEMBL69663,55
O=C(NCC[*:1])NC12CC3CC(CC(C3)C1)C2,CCCCCCCO[*:1],CHEMBL388004,55
O=C(NCC[*:1])NC12CC3CC(CC(C3)C1)C2,CCCCOCCC[*:1],CHEMBL245142,55
O=C(NCC[*:1])NC12CC3CC(CC(C3)C1)C2,CCCO[*:1],CHEMBL1818419,55
O=C(NCC[*:1])NC12CC3CC(CC(C3)C1)C2,CCCOCCCC[*:1],CHEMBL245144,55
O=C(NCC[*:1])NC12CC3CC(CC(C3)C1)C2,CCO[*:1],CHEMBL1818416,55
O=C(NCC[*:1])NC12CC3CC(CC(C3)C1)C2,COC(=O)CCC[*:1],CHEMBL219095,55
O=C(NCC[*:1])NC12CC3CC(CC(C3)C1)C2,COCCOCCC[*:1],CHEMBL2031944,55
O=C(NCC[*:1])NC12CC3CC(CC(C3)C1)C2,OCCC[*:1],CHEMBL245141,55
O=C(NCC[*:1])NC12CC3CC(CC(C3)C1)C2,OCCCC[*:1],CHEMBL245143,55
O=C(NCC[*:1])NC12CC3CC(CC(C3)C1)C2,OCC[*:1],CHEMBL397197,55
O=C(NCC[*:1])NC12CC3CC(CC(C3)C1)C2,c1ccc(C[*:1])cc1,CHEMBL2031923,55
O=C(NCC[*:1])NC12CC3CC(CC(C3)C1)C2,O=C(O)C[*:1],CHEMBL419810,55
O=C(NCCO[*:1])NC12CC3CC(CC(C3)C1)C2,CC(C)[*:1],CHEMBL1818418,56
O=C(NCCO[*:1])NC12CC3CC(CC(C3)C1)C2,CCCCCCC[*:1],CHEMBL388004,56
O=C(NCCO[*:1])NC12CC3CC(CC(C3)C1)C2,CCC[*:1],CHEMBL1818419,56
O=C(NCCO[*:1])NC12CC3CC(CC(C3)C1)C2,CC[*:1],CHEMBL1818416,56
O=C(NCCO[*:1])NC12CC3CC(CC(C3)C1)C2,[*:1],CHEMBL398166,56
O=C(NCCCCCOCCO[*:1])NC12CC3CC(CC(C3)C1)C2,CC(C)OCC[*:1],CHEMBL2031946,57
O=C(NCCCCCOCCO[*:1])NC12CC3CC(CC(C3)C1)C2,CCCC(C)OCC[*:1],CHEMBL2031947,57
O=C(NCCCCCOCCO[*:1])NC12CC3CC(CC(C3)C1)C2,CCOCC[*:1],CHEMBL242655,57
O=C(NCCCCCOCCO[*:1])NC12CC3CC(CC(C3)C1)C2,CCc1ccc(OCC[*:1])cc1,CHEMBL245148,57
O=C(NCCCCCOCCO[*:1])NC12CC3CC(CC(C3)C1)C2,C[*:1],CHEMBL2031944,57
O=C(NCCCCCOCCO[*:1])NC12CC3CC(CC(C3)C1)C2,COCCOCC[*:1],CHEMBL245150,57
O=C(NCCCCCOCCO[*:1])NC12CC3CC(CC(C3)C1)C2,CS(=O)(=O)NCC[*:1],CHEMBL245152,57
O=C(NCCCCCOCCO[*:1])NC12CC3CC(CC(C3)C1)C2,FC(F)(F)COCC[*:1],CHEMBL396980,57
O=C(NCCCCCOCCO[*:1])NC12CC3CC(CC(C3)C1)C2,c1ccc(COCC[*:1])cc1,CHEMBL2031945,57
O=C(NCCCCCOCC[*:1])NC12CC3CC(CC(C3)C1)C2,CC(C)OCCO[*:1],CHEMBL2031946,58
O=C(NCCCCCOCC[*:1])NC12CC3CC(CC(C3)C1)C2,CCCC(C)OCCO[*:1],CHEMBL2031947,58
O=C(NCCCCCOCC[*:1])NC12CC3CC(CC(C3)C1)C2,CC[*:1],CHEMBL245142,58
O=C(NCCCCCOCC[*:1])NC12CC3CC(CC(C3)C1)C2,CCCOCC[*:1],CHEMBL245147,58
O=C(NCCCCCOCC[*:1])NC12CC3CC(CC(C3)C1)C2,CCOCCO[*:1],CHEMBL242655,58
O=C(NCCCCCOCC[*:1])NC12CC3CC(CC(C3)C1)C2,CO[*:1],CHEMBL2031944,58
O=C(NCCCCCOCC[*:1])NC12CC3CC(CC(C3)C1)C2,COCCOCCO[*:1],CHEMBL245150,58
O=C(NCCCCCOCC[*:1])NC12CC3CC(CC(C3)C1)C2,CS(=O)(=O)NCCO[*:1],CHEMBL245152,58
O=C(NCCCCCOCC[*:1])NC12CC3CC(CC(C3)C1)C2,CS(=O)(=O)NCCC[*:1],CHEMBL396759,58
O=C(NCCCCCOCC[*:1])NC12CC3CC(CC(C3)C1)C2,FC(F)(F)COCCO[*:1],CHEMBL396980,58
O=C(NCCCCCOCC[*:1])NC12CC3CC(CC(C3)C1)C2,C1CN([*:1])CCO1,CHEMBL2032043,58
O=C(NCCCCCOCC[*:1])NC12CC3CC(CC(C3)C1)C2,c1ccc(COCCO[*:1])cc1,CHEMBL2031945,58
O=C(NCCCCCO[*:1])NC12CC3CC(CC(C3)C1)C2,CC(C)OCCOCC[*:1],CHEMBL2031946,59
O=C(NCCCCCO[*:1])NC12CC3CC(CC(C3)C1)C2,CCCC(C)C[*:1],CHEMBL245145,59
O=C(NCCCCCO[*:1])NC12CC3CC(CC(C3)C1)C2,CCCCC(C)[*:1],CHEMBL396736,59
O=C(NCCCCCO[*:1])NC12CC3CC(CC(C3)C1)C2,CCCC[*:1],CHEMBL245142,59
O=C(NCCCCCO[*:1])NC12CC3CC(CC(C3)C1)C2,CCCOCCC[*:1],CHEMBL245146,59
O=C(NCCCCCO[*:1])NC12CC3CC(CC(C3)C1)C2,CCCOCCCC[*:1],CHEMBL245147,59
O=C(NCCCCCO[*:1])NC12CC3CC(CC(C3)C1)C2,CCOCCOCC[*:1],CHEMBL242655,59
O=C(NCCCCCO[*:1])NC12CC3CC(CC(C3)C1)C2,COCC[*:1],CHEMBL2031944,59
O=C(NCCCCCO[*:1])NC12CC3CC(CC(C3)C1)C2,COCCOCCOCC[*:1],CHEMBL245150,59
O=C(NCCCCCO[*:1])NC12CC3CC(CC(C3)C1)C2,CS(=O)(=O)NCCOCC[*:1],CHEMBL245152,59
O=C(NCCCCCO[*:1])NC12CC3CC(CC(C3)C1)C2,CS(=O)(=O)NCCCCC[*:1],CHEMBL396759,59
O=C(NCCCCCO[*:1])NC12CC3CC(CC(C3)C1)C2,C(CN1CCOCC1)C[*:1],CHEMBL245151,59
O=C(NCCCCCO[*:1])NC12CC3CC(CC(C3)C1)C2,C1CN(CC[*:1])CCO1,CHEMBL2032043,59
O=C(NCCCCCO[*:1])NC12CC3CC(CC(C3)C1)C2,[*:1],CHEMBL245141,59
O=C(NC1CCN([*:1])CC1)NC12CC3CC(CC(C3)C1)C2,CC(=O)[*:1],CHEMBL436774,60
O=C(NC1CCN([*:1])CC1)NC12CC3CC(CC(C3)C1)C2,CCC(=O)[*:1],CHEMBL214943,60
O=C(NC1CCN([*:1])CC1)NC12CC3CC(CC(C3)C1)C2,CCCC(=O)[*:1],CHEMBL215125,60
O=C(NC1CCN([*:1])CC1)NC12CC3CC(CC(C3)C1)C2,CCCC[*:1],CHEMBL386820,60
O=C(NC1CCN([*:1])CC1)NC12CC3CC(CC(C3)C1)C2,CCC[*:1],CHEMBL215168,60
O=C(NC1CCN([*:1])CC1)NC12CC3CC(CC(C3)C1)C2,CC[*:1],CHEMBL214534,60
O=C(NC1CCN([*:1])CC1)NC12CC3CC(CC(C3)C1)C2,COC(=O)CCC(=O)[*:1],CHEMBL215827,60
O=C(NC1CCN([*:1])CC1)NC12CC3CC(CC(C3)C1)C2,COC(=O)CCCC(=O)[*:1],CHEMBL214505,60
O=C(NC1CCN([*:1])CC1)NC12CC3CC(CC(C3)C1)C2,CS(=O)(=O)[*:1],CHEMBL1668935,60
O=C(NC1CCN([*:1])CC1)NC12CC3CC(CC(C3)C1)C2,O=C(C(F)(F)F)[*:1],CHEMBL217758,60
O=C(NC1CCN([*:1])CC1)NC12CC3CC(CC(C3)C1)C2,O=C(c1ccccc1)[*:1],CHEMBL216016,60
O=C(NC1CCN([*:1])CC1)NC12CC3CC(CC(C3)C1)C2,O=C(c1cccnc1)[*:1],CHEMBL214128,60
O=C(NC1CCN([*:1])CC1)NC12CC3CC(CC(C3)C1)C2,O=C(c1ccccn1)[*:1],CHEMBL215161,60
O=C(NC1CCN([*:1])CC1)NC12CC3CC(CC(C3)C1)C2,O=C(c1ccncc1)[*:1],CHEMBL214179,60
O=C(NC1CCN([*:1])CC1)NC12CC3CC(CC(C3)C1)C2,c1ccc(C[*:1])cc1,CHEMBL387034,60
O=C(NC1CCN([*:1])CC1)NC12CC3CC(CC(C3)C1)C2,O=C(O)CCC(=O)[*:1],CHEMBL385348,60
O=C(NC1CCN([*:1])CC1)NC12CC3CC(CC(C3)C1)C2,O=C(O)CCCC(=O)[*:1],CHEMBL426340,60
O=C(NC1CCN([*:1])CC1)NC12CC3CC(CC(C3)C1)C2,[*:1],CHEMBL215356,60
Nc1nc2ccc(N(CCN3CCOCC3)C(=O)[*:1])cc2s1,CC(C)c1ccc(N[*:1])cc1,CHEMBL4763587,61
Nc1nc2ccc(N(CCN3CCOCC3)C(=O)[*:1])cc2s1,CCc1ccc(N[*:1])cc1,CHEMBL4758156,61
Nc1nc2ccc(N(CCN3CCOCC3)C(=O)[*:1])cc2s1,Cc1ccc(N[*:1])cc1,CHEMBL4742920,61
Nc1nc2ccc(N(CCN3CCOCC3)C(=O)[*:1])cc2s1,Cc1cccc(N[*:1])c1,CHEMBL4800606,61
Nc1nc2ccc(N(CCN3CCOCC3)C(=O)[*:1])cc2s1,Brc1ccc(N[*:1])cc1,CHEMBL4751522,61
Nc1nc2ccc(N(CCN3CCOCC3)C(=O)[*:1])cc2s1,Fc1ccc(N[*:1])cc1Br,CHEMBL4759847,61
Nc1nc2ccc(N(CCN3CCOCC3)C(=O)[*:1])cc2s1,Clc1ccc(N[*:1])cc1,CHEMBL4740693,61
O=C(NCc1ccccc1C(F)(F)F)c1ccc(C[*:1])cc1,CC(C(=O)O)[*:1],CHEMBL3764795,62
O=C(NCc1ccccc1C(F)(F)F)c1ccc(C[*:1])cc1,CCC(C(=O)O)[*:1],CHEMBL3765141,62
O=C(NCc1ccccc1C(F)(F)F)c1ccc(C[*:1])cc1,CCCC(C(=O)O)[*:1],CHEMBL3764948,62
O=C(NCc1ccccc1C(F)(F)F)c1ccc(C[*:1])cc1,CCCC(C(=O)OCC)[*:1],CHEMBL3764450,62
O=C(NCc1ccccc1C(F)(F)F)c1ccc(C[*:1])cc1,CCOC(=O)C(C)[*:1],CHEMBL3764424,62
O=C(NCc1ccccc1C(F)(F)F)c1ccc(C[*:1])cc1,CCOC(=O)C(CC)[*:1],CHEMBL3764773,62
O=C(NCc1ccccc1C(F)(F)F)c1ccc(C[*:1])cc1,CCOC(=O)C[*:1],CHEMBL3765492,62
O=C(NCc1ccccc1C(F)(F)F)c1ccc(C[*:1])cc1,O=C(O)C(c1ccccc1)[*:1],CHEMBL3764453,62
O=C(NCc1ccccc1C(F)(F)F)c1ccc(C[*:1])cc1,O=C(O)C[*:1],CHEMBL3763787,62
O=C(NCc1ccccc1C(F)(F)F)c1ccc([*:1])cc1,CC(C[*:1])C(=O)O,CHEMBL3764795,63
O=C(NCc1ccccc1C(F)(F)F)c1ccc([*:1])cc1,CCC(=C[*:1])C(=O)O,CHEMBL3764848,63
O=C(NCc1ccccc1C(F)(F)F)c1ccc([*:1])cc1,CCC(C[*:1])C(=O)O,CHEMBL3765141,63
O=C(NCc1ccccc1C(F)(F)F)c1ccc([*:1])cc1,CCCC(C[*:1])C(=O)O,CHEMBL3764948,63
O=C(NCc1ccccc1C(F)(F)F)c1ccc([*:1])cc1,CCCC(C[*:1])C(=O)OCC,CHEMBL3764450,63
O=C(NCc1ccccc1C(F)(F)F)c1ccc([*:1])cc1,CCOC(=O)C(=C[*:1])CC,CHEMBL3764393,63
O=C(NCc1ccccc1C(F)(F)F)c1ccc([*:1])cc1,CCOC(=O)C(C)C[*:1],CHEMBL3764424,63
O=C(NCc1ccccc1C(F)(F)F)c1ccc([*:1])cc1,CCOC(=O)C(CC)C[*:1],CHEMBL3764773,63
O=C(NCc1ccccc1C(F)(F)F)c1ccc([*:1])cc1,CCOC(=O)CC[*:1],CHEMBL3765492,63
O=C(NCc1ccccc1C(F)(F)F)c1ccc([*:1])cc1,CON(C)C(=O)C1CC1[*:1],CHEMBL3765638,63
O=C(NCc1ccccc1C(F)(F)F)c1ccc([*:1])cc1,CON(C)C(=O)C=C[*:1],CHEMBL3763179,63
O=C(NCc1ccccc1C(F)(F)F)c1ccc([*:1])cc1,n1n[nH]c([*:1])n1,CHEMBL3764333,63
O=C(NCc1ccccc1C(F)(F)F)c1ccc([*:1])cc1,O=C(O)C1CC1[*:1],CHEMBL3765766,63
O=C(NCc1ccccc1C(F)(F)F)c1ccc([*:1])cc1,O=C(O)CC[*:1],CHEMBL3763787,63
O=C(NCc1ccccc1C(F)(F)F)c1ccc([*:1])cc1,O=C(O)c1ccc([*:1])cc1,CHEMBL3765559,63
O=C(NCc1ccccc1C(F)(F)F)c1ccc([*:1])cc1,O=C(O)c1cccc([*:1])c1,CHEMBL3765522,63
NS(=O)(=O)c1ccc(-n2nc(CCCNC(=O)[*:1])cc2-c2ccccc2)cc1,CC(C)c1cccc(C(C)C)c1N[*:1],CHEMBL1766302,64
NS(=O)(=O)c1ccc(-n2nc(CCCNC(=O)[*:1])cc2-c2ccccc2)cc1,Clc1ccc(N[*:1])cc1,CHEMBL1766286,64
NS(=O)(=O)c1ccc(-n2nc(CCCNC(=O)[*:1])cc2-c2ccccc2)cc1,FC(F)(F)c1cccc(N[*:1])c1,CHEMBL1766299,64
NS(=O)(=O)c1ccc(-n2nc(CCCNC(=O)[*:1])cc2-c2ccccc2)cc1,FC(F)(F)c1ccc(N[*:1])cc1,CHEMBL1766287,64
NS(=O)(=O)c1ccc(-n2nc(CCCNC(=O)[*:1])cc2-c2ccccc2)cc1,c1ccc(N[*:1])cc1,CHEMBL1766283,64
NS(=O)(=O)c1ccc(-n2nc(CCCNC(=O)[*:1])cc2-c2ccccc2)cc1,C1C2CC3CC1CC(N[*:1])(C2)C3,CHEMBL1766284,64
NS(=O)(=O)c1ccc(-n2nc(CCCNC(=O)[*:1])cc2-c2ccccc2)cc1,FC(F)(F)Oc1ccc(N[*:1])cc1,CHEMBL1766288,64
NS(=O)(=O)c1ccc(-n2nc(CCCNC(=O)[*:1])cc2-c2ccccc2)cc1,C1CCCC(N[*:1])CC1,CHEMBL1766285,64
O=C(NCc1ccc(O[*:1])cc1)Nc1ccc(Cl)cc1,CC(C(=O)O)[*:1],CHEMBL3818059,65
O=C(NCc1ccc(O[*:1])cc1)Nc1ccc(Cl)cc1,CCOC(=O)C(C)[*:1],CHEMBL3819337,65
O=C(NCCc1ccc(O[*:1])cc1)Nc1ccc(Cl)cc1,CC(C(=O)O)[*:1],CHEMBL3818601,66
O=C(NCCc1ccc(O[*:1])cc1)Nc1ccc(Cl)cc1,CCOC(=O)C(C)[*:1],CHEMBL3818107,66
CS(=O)(=O)Cc1ccc(CNC(=O)c2ccc3c(ccn3[*:1])c2)c(C(F)(F)F)c1,CC(c1cccc(F)c1)[*:1],CHEMBL5079563,67
CS(=O)(=O)Cc1ccc(CNC(=O)c2ccc3c(ccn3[*:1])c2)c(C(F)(F)F)c1,O=C(c1cccc(F)c1)[*:1],CHEMBL5090873,67
CS(=O)(=O)Cc1ccc(CNC(=O)c2ccc3c(ccn3[*:1])c2)c(C(F)(F)F)c1,O=S(=O)(c1cccc(F)c1)[*:1],CHEMBL5075652,67
CS(=O)(=O)Cc1ccc(CNC(=O)c2ccc3c(ccn3[*:1])c2)c(C(F)(F)F)c1,Fc1cccc(C[*:1])c1,CHEMBL5080474,67
CS(=O)(=O)Cc1ccc(CNC(=O)c2ccc3c(ccn3[*:1])c2)c(C(F)(F)F)c1,[*:1],CHEMBL5085618,67
CC1(c2ccccc2)CCCN(C(=O)NCC[*:1])C1,c1nc2ccc([*:1])cc2[nH]1,CHEMBL1078354,68
CC1(c2ccccc2)CCCN(C(=O)NCC[*:1])C1,Clc1ccc([*:1])cc1,CHEMBL1078265,68
CC1(c2ccccc2)CCCN(C(=O)NCC[*:1])C1,c1cncc(C[*:1])c1,CHEMBL1078353,68
CC1(c2ccccc2)CCCN(C(=O)NCc2ccc([*:1])cc2)C1,Clc1cccc([*:1])c1,CHEMBL1080975,69
CC1(c2ccccc2)CCCN(C(=O)NCc2ccc([*:1])cc2)C1,c1ccc([*:1])nc1,CHEMBL1081703,69
CC1(c2ccccc2)CCCN(C(=O)NCc2ccc([*:1])cc2)C1,FC(F)(F)c1ccccc1[*:1],CHEMBL1080974,69
CC1(c2ccccc2)CCCN(C(=O)NCc2ccc([*:1])cc2)C1,c1cc2cc([*:1])ccc2[nH]1,CHEMBL1078264,69
CC12CC3CC(C)(C1)CC(NC(=O)CCC(=O)[*:1])(C3)C2,C1CCN([*:1])CC1,CHEMBL4846797,70
CC12CC3CC(C)(C1)CC(NC(=O)CCC(=O)[*:1])(C3)C2,C1CCC(N[*:1])CC1,CHEMBL4852243,70
CC12CC3CC(C)(C1)CC(NC(=O)NCc1cc([*:1])on1)(C3)C2,c1coc([*:1])c1,CHEMBL3633681,71
CC12CC3CC(C)(C1)CC(NC(=O)NCc1cc([*:1])on1)(C3)C2,COc1ccc([*:1])cc1,CHEMBL3633680,71
CC12CC3CC(C)(C1)CC(NC(=O)NCc1cc([*:1])on1)(C3)C2,Cc1ccc([*:1])cc1,CHEMBL3633679,71
O=C(Nc1ccc(OC(F)(F)F)cc1)[*:1],CC1CCCCN1[*:1],CHEMBL592255,72
O=C(Nc1ccc(OC(F)(F)F)cc1)[*:1],CC1CCCN([*:1])C1,CHEMBL591319,72
O=C(Nc1ccc(OC(F)(F)F)cc1)[*:1],CC1CCN([*:1])CC1,CHEMBL602743,72
O=C(Nc1ccc(OC(F)(F)F)cc1)[*:1],C1CCN([*:1])CC1,CHEMBL593658,72
O=C(Nc1ccc(OC(F)(F)F)cc1)[*:1],C1CCC(N[*:1])CC1,CHEMBL2031931,72
Nc1nc2ccc(N(CC[*:1])C(=O)Nc3ccc(Cl)cc3)cc2s1,CC1CCN([*:1])CC1,CHEMBL4745655,73
Nc1nc2ccc(N(CC[*:1])C(=O)Nc3ccc(Cl)cc3)cc2s1,CCN(CC)[*:1],CHEMBL4742178,73
Nc1nc2ccc(N(CC[*:1])C(=O)Nc3ccc(Cl)cc3)cc2s1,C1CCN([*:1])CC1,CHEMBL4744612,73
Nc1nc2ccc(N(CC[*:1])C(=O)Nc3ccc(Cl)cc3)cc2s1,C1CN([*:1])CCO1,CHEMBL4740693,73
O=C(NCC1CCN([*:1])CC1)NC12CC3CC(CC(C3)C1)C2,CCC(=O)[*:1],CHEMBL215874,74
O=C(NCC1CCN([*:1])CC1)NC12CC3CC(CC(C3)C1)C2,CCCC(=O)[*:1],CHEMBL214675,74
O=C(NCC1CCN([*:1])CC1)NC12CC3CC(CC(C3)C1)C2,CCCC[*:1],CHEMBL386044,74
O=C(NCC1CCN([*:1])CC1)NC12CC3CC(CC(C3)C1)C2,CCC[*:1],CHEMBL214568,74
O=C(NCC1CCN([*:1])CC1)NC12CC3CC(CC(C3)C1)C2,CC[*:1],CHEMBL213611,74
O=C(NCC1CCN([*:1])CC1)NC12CC3CC(CC(C3)C1)C2,COC(=O)CCC(=O)[*:1],CHEMBL217711,74
O=C(NCC1CCN([*:1])CC1)NC12CC3CC(CC(C3)C1)C2,COC(=O)CCCC(=O)[*:1],CHEMBL384075,74
O=C(NCC1CCN([*:1])CC1)NC12CC3CC(CC(C3)C1)C2,CC(=O)[*:1],CHEMBL215025,74
O=C(NCC1CCN([*:1])CC1)NC12CC3CC(CC(C3)C1)C2,O=C(C(F)(F)F)[*:1],CHEMBL214127,74
O=C(NCC1CCN([*:1])CC1)NC12CC3CC(CC(C3)C1)C2,O=C(c1ccccc1)[*:1],CHEMBL214883,74
O=C(NCC1CCN([*:1])CC1)NC12CC3CC(CC(C3)C1)C2,O=C(c1ccncc1)[*:1],CHEMBL215069,74
O=C(NCC1CCN([*:1])CC1)NC12CC3CC(CC(C3)C1)C2,c1ccc(C[*:1])cc1,CHEMBL215146,74
O=C(NCC1CCN([*:1])CC1)NC12CC3CC(CC(C3)C1)C2,O=C(c1cccnc1)[*:1],CHEMBL425436,74
O=C(NCC1CCN([*:1])CC1)NC12CC3CC(CC(C3)C1)C2,O=C(c1ccccn1)[*:1],CHEMBL386855,74
O=C(NCC1CCN([*:1])CC1)NC12CC3CC(CC(C3)C1)C2,O=C(O)CCC(=O)[*:1],CHEMBL386455,74
O=C(NCC1CCN([*:1])CC1)NC12CC3CC(CC(C3)C1)C2,O=C(O)CCCC(=O)[*:1],CHEMBL215820,74
O=C(NCC1CCN([*:1])CC1)NC12CC3CC(CC(C3)C1)C2,[*:1],CHEMBL216287,74
COc1ccc(CNC(=O)C2CCN([*:1])CC2)c(C(F)(F)F)c1,CCC(=O)[*:1],CHEMBL4083949,75
COc1ccc(CNC(=O)C2CCN([*:1])CC2)c(C(F)(F)F)c1,CCC(C)C(=O)[*:1],CHEMBL4080506,75
COc1ccc(CNC(=O)C2CCN([*:1])CC2)c(C(F)(F)F)c1,CCCC(=O)[*:1],CHEMBL4101942,75
COc1ccc(CNC(=O)C2CCN([*:1])CC2)c(C(F)(F)F)c1,CCC[*:1],CHEMBL4089062,75
COc1ccc(CNC(=O)C2CCN([*:1])CC2)c(C(F)(F)F)c1,CC[*:1],CHEMBL4098527,75
COc1ccc(CNC(=O)C2CCN([*:1])CC2)c(C(F)(F)F)c1,CNc1nc(C)nc([*:1])n1,CHEMBL2392691,75
COc1ccc(CNC(=O)C2CCN([*:1])CC2)c(C(F)(F)F)c1,CC(C)(C)OC(=O)[*:1],CHEMBL4073578,75
COc1ccc(CNC(=O)C2CCN([*:1])CC2)c(C(F)(F)F)c1,[*:1],CHEMBL4094206,75
O=C(NCc1ccccc1C(F)(F)F)c1cccc([*:1])c1,CCC(=C[*:1])C(=O)O,CHEMBL3765627,76
O=C(NCc1ccccc1C(F)(F)F)c1cccc([*:1])c1,CCC(C[*:1])C(=O)O,CHEMBL3764607,76
O=C(NCc1ccccc1C(F)(F)F)c1cccc([*:1])c1,CCOC(=O)C(=C[*:1])CC,CHEMBL3765080,76
O=C(NCc1ccccc1C(F)(F)F)c1cccc([*:1])c1,CCOC(=O)C(CC)C[*:1],CHEMBL3764468,76
O=C(NC1CCN([*:1])CC1)NC1CC1c1ccccc1,CCC(=O)[*:1],CHEMBL1257515,77
O=C(NC1CCN([*:1])CC1)NC1CC1c1ccccc1,c1ccc([*:1])cc1,CHEMBL1672132,77
CCC(=O)N1CCC(NC(=O)Nc2ccc([*:1])cc2)CC1,CC(C)[*:1],CHEMBL1257877,78
CCC(=O)N1CCC(NC(=O)Nc2ccc([*:1])cc2)CC1,CC[*:1],CHEMBL1257757,78
CCC(=O)N1CCC(NC(=O)Nc2ccc([*:1])cc2)CC1,[*:1],CHEMBL1256163,78
CCC(=O)N1CCC(NC(=O)Nc2ccc(O[*:1])cc2)CC1,C[*:1],CHEMBL1257878,79
CCC(=O)N1CCC(NC(=O)Nc2ccc(O[*:1])cc2)CC1,FC(F)(F)[*:1],CHEMBL1258904,79
CCC(=O)N1CCC(NC(=O)Nc2ccc(O[*:1])cc2)CC1,[*:1],CHEMBL1258220,79
COc1ccc(CNC(=O)c2cccc(N[*:1])c2)c(C(F)(F)F)c1,CCC(=O)[*:1],CHEMBL4078857,80
COc1ccc(CNC(=O)c2cccc(N[*:1])c2)c(C(F)(F)F)c1,CC(=O)[*:1],CHEMBL4095377,80
O=C(NCc1ccc(Cl)cc1)c1ccc(C[*:1])cc1,CCC(C(=O)O)[*:1],CHEMBL3764891,81
O=C(NCc1ccc(Cl)cc1)c1ccc(C[*:1])cc1,CCOC(=O)C(CC)[*:1],CHEMBL3764123,81
O=C(NCc1ccc(C(F)(F)F)cc1)c1ccc(C[*:1])cc1,CCC(C(=O)O)[*:1],CHEMBL3764102,82
O=C(NCc1ccc(C(F)(F)F)cc1)c1ccc(C[*:1])cc1,CCOC(=O)C(CC)[*:1],CHEMBL3763432,82
O=C(NCc1ccc(F)cc1C(F)(F)F)c1ccc(C[*:1])cc1,CCC(C(=O)O)[*:1],CHEMBL3764216,83
O=C(NCc1ccc(F)cc1C(F)(F)F)c1ccc(C[*:1])cc1,CCOC(=O)C(CC)[*:1],CHEMBL3763887,83
O=C(NC1CCN(C(=O)C[*:1])CC1)NC12CC3CC(CC(C3)C1)C2,CC[*:1],CHEMBL215125,84
O=C(NC1CCN(C(=O)C[*:1])CC1)NC12CC3CC(CC(C3)C1)C2,COC(=O)C[*:1],CHEMBL215827,84
O=C(NC1CCN(C(=O)C[*:1])CC1)NC12CC3CC(CC(C3)C1)C2,COC(=O)CC[*:1],CHEMBL214505,84
O=C(NC1CCN(C(=O)C[*:1])CC1)NC12CC3CC(CC(C3)C1)C2,O=C(C[*:1])N1CCNCC1,CHEMBL3222122,84
O=C(NC1CCN(C(=O)C[*:1])CC1)NC12CC3CC(CC(C3)C1)C2,O=C(O)C[*:1],CHEMBL385348,84
O=C(NC1CCN(C(=O)C[*:1])CC1)NC12CC3CC(CC(C3)C1)C2,O=C(O)CC[*:1],CHEMBL426340,84
O=C(NC1CCN(C(=O)C[*:1])CC1)NC12CC3CC(CC(C3)C1)C2,[*:1],CHEMBL436774,84
COc1ccc(CNC(=O)c2ccc([*:1])cc2)c(C(F)(F)F)c1,CCC(C[*:1])C(=O)O,CHEMBL3764398_CHEMBL5077503,85
COc1ccc(CNC(=O)c2ccc([*:1])cc2)c(C(F)(F)F)c1,CCOC(=O)C(CC)C[*:1],CHEMBL3764792,85
COc1ccc(CNC(=O)c2ccc([*:1])cc2)c(C(F)(F)F)c1,[*:1],CHEMBL4087689,85
CCOC(=O)C(Cc1ccc(C(=O)NCc2ccccc2C(F)(F)F)cc1)[*:1],CCC[*:1],CHEMBL3764450,86
CCOC(=O)C(Cc1ccc(C(=O)NCc2ccccc2C(F)(F)F)cc1)[*:1],CC[*:1],CHEMBL3764773,86
CCOC(=O)C(Cc1ccc(C(=O)NCc2ccccc2C(F)(F)F)cc1)[*:1],c1ccc([*:1])cc1,CHEMBL3763278,86
CCOC(=O)C(Cc1ccc(C(=O)NCc2ccccc2C(F)(F)F)cc1)[*:1],[*:1],CHEMBL3765492,86
O=C(NCCCC(=O)[*:1])NC12CC3CC(CC(C3)C1)C2,CCCCC(C#N)O[*:1],CHEMBL2070329,87
O=C(NCCCC(=O)[*:1])NC12CC3CC(CC(C3)C1)C2,CCCCC(C)O[*:1],CHEMBL2070327,87
O=C(NCCCC(=O)[*:1])NC12CC3CC(CC(C3)C1)C2,CCCCC(CC)O[*:1],CHEMBL2070328,87
O=C(NCCCC(=O)[*:1])NC12CC3CC(CC(C3)C1)C2,CCOCCOCCO[*:1],CHEMBL2070330,87
O=C(NC1CCCC(C(=O)[*:1])C1)NC12CC3CC(CC(C3)C1)C2,CCCCC(CC)O[*:1],CHEMBL2070333,88
O=C(NC1CCCC(C(=O)[*:1])C1)NC12CC3CC(CC(C3)C1)C2,CCCCCO[*:1],CHEMBL2070332,88
O=C(NC1CCCC(C(=O)[*:1])C1)NC12CC3CC(CC(C3)C1)C2,C1CN(N[*:1])CCO1,CHEMBL2031790,88
O=C(NC1CCCC(C(=O)[*:1])C1)NC12CC3CC(CC(C3)C1)C2,C1CN([*:1])CCO1,CHEMBL2032040,88
O=C(NCCCCC[*:1])NC12CC3CC(CC(C3)C1)C2,CCCC(C)CO[*:1],CHEMBL245145,89
O=C(NCCCCC[*:1])NC12CC3CC(CC(C3)C1)C2,CCCCC(C)O[*:1],CHEMBL396736,89
O=C(NCCCCC[*:1])NC12CC3CC(CC(C3)C1)C2,CCCCC[*:1],CHEMBL69663,89
O=C(NCCCCC[*:1])NC12CC3CC(CC(C3)C1)C2,CCCCO[*:1],CHEMBL245142,89
O=C(NCCCCC[*:1])NC12CC3CC(CC(C3)C1)C2,CCCOCCCO[*:1],CHEMBL245146,89
O=C(NCCCCC[*:1])NC12CC3CC(CC(C3)C1)C2,CCCOCCCCO[*:1],CHEMBL245147,89
O=C(NCCCCC[*:1])NC12CC3CC(CC(C3)C1)C2,CCOCCOCCO[*:1],CHEMBL242655,89
O=C(NCCCCC[*:1])NC12CC3CC(CC(C3)C1)C2,COCCO[*:1],CHEMBL2031944,89
O=C(NCCCCC[*:1])NC12CC3CC(CC(C3)C1)C2,C1CN(CCO[*:1])CCO1,CHEMBL2032043,89
O=C(NCCCCC[*:1])NC12CC3CC(CC(C3)C1)C2,O=C(O)CCCCC[*:1],CHEMBL5172496,89
O=C(NCCC[*:1])NC12CC3CC(CC(C3)C1)C2,CCCCCCC(O)[*:1],CHEMBL195796,90
O=C(NCCC[*:1])NC12CC3CC(CC(C3)C1)C2,CCCCCCC[*:1],CHEMBL69663,90
O=C(NCCC[*:1])NC12CC3CC(CC(C3)C1)C2,CCCCCCO[*:1],CHEMBL245127,90
O=C(NCCC[*:1])NC12CC3CC(CC(C3)C1)C2,CCCCOCC[*:1],CHEMBL245142,90
O=C(NCCC[*:1])NC12CC3CC(CC(C3)C1)C2,CCCOCCC[*:1],CHEMBL245144,90
O=C(NCCC[*:1])NC12CC3CC(CC(C3)C1)C2,COC(=O)CC[*:1],CHEMBL219095,90
O=C(NCCC[*:1])NC12CC3CC(CC(C3)C1)C2,CO[*:1],CHEMBL1818417,90
O=C(NCCC[*:1])NC12CC3CC(CC(C3)C1)C2,COCCOCC[*:1],CHEMBL2031944,90
O=C(NCCC[*:1])NC12CC3CC(CC(C3)C1)C2,OCC[*:1],CHEMBL245141,90
O=C(NCCC[*:1])NC12CC3CC(CC(C3)C1)C2,OCCC[*:1],CHEMBL245143,90
O=C(NCCC[*:1])NC12CC3CC(CC(C3)C1)C2,C1CN([*:1])CCO1,CHEMBL1535088,90
O=C(NCCC[*:1])NC12CC3CC(CC(C3)C1)C2,c1ccc([*:1])cc1,CHEMBL2031923,90
O=C(NCCCC(O)[*:1])NC12CC3CC(CC(C3)C1)C2,CCCCCC[*:1],CHEMBL195796,91
O=C(NCCCC(O)[*:1])NC12CC3CC(CC(C3)C1)C2,[*:1],CHEMBL397197,91
O=C(NCc1ccccc1C(F)(F)F)C1CCN(c2cc(Cl)nc(S[*:1])n2)CC1,CCCCCCC(C(=O)O)[*:1],CHEMBL3818683,92
O=C(NCc1ccccc1C(F)(F)F)C1CCN(c2cc(Cl)nc(S[*:1])n2)CC1,CCCCCCC(C(=O)OCC)[*:1],CHEMBL3819535,92
O=C(CC12CC3CC(CC(C3)C1)C2)NCCCCC[*:1],CCCCC[*:1],CHEMBL192549,93
O=C(CC12CC3CC(CC(C3)C1)C2)NCCCCC[*:1],CCOCCOCCO[*:1],CHEMBL244067,93
O=C(NCCCC[*:1])NC12CC3CC(CC(C3)C1)C2,CCCCCC[*:1],CHEMBL69663,94
O=C(NCCCC[*:1])NC12CC3CC(CC(C3)C1)C2,CCCOCC[*:1],CHEMBL245144,94
O=C(NCCCC[*:1])NC12CC3CC(CC(C3)C1)C2,COC(=O)C[*:1],CHEMBL219095,94
O=C(NCCCC[*:1])NC12CC3CC(CC(C3)C1)C2,OCC[*:1],CHEMBL245143,94
O=C(NCCCC[*:1])NC12CC3CC(CC(C3)C1)C2,Fc1ccc(O[*:1])cc1,CHEMBL387810,94
O=C(NCCCC[*:1])NC12CC3CC(CC(C3)C1)C2,O=C(O)CCCCCC[*:1],CHEMBL5172496,94
O=C(NCCCCCC[*:1])NC12CC3CC(CC(C3)C1)C2,CCCC[*:1],CHEMBL69663,95
O=C(NCCCCCC[*:1])NC12CC3CC(CC(C3)C1)C2,CCCO[*:1],CHEMBL245144,95
O=C(NCCCCCC[*:1])NC12CC3CC(CC(C3)C1)C2,CCOCCOCCO[*:1],CHEMBL2031941,95
O=C(NCCCCCC[*:1])NC12CC3CC(CC(C3)C1)C2,O=C(O)CCCC[*:1],CHEMBL5172496,95
O=C(CCCNc1cc(Cl)nc(S[*:1])n1)NCc1ccccc1C(F)(F)F,CCCCCCC(C(=O)O)[*:1],CHEMBL3818976,96
O=C(CCCNc1cc(Cl)nc(S[*:1])n1)NCc1ccccc1C(F)(F)F,CCCCCCC(C(=O)OCC)[*:1],CHEMBL3818218,96
O=C(NCC[*:1])NC1C2CC3CC(C2)CC1C3,CCCCC[*:1],CHEMBL1818402,97
O=C(NCC[*:1])NC1C2CC3CC(C2)CC1C3,CCCC[*:1],CHEMBL1818401,97
O=C(NCC[*:1])NC1C2CC3CC(C2)CC1C3,CCC[*:1],CHEMBL1818400,97
O=C(NCC[*:1])NC1C2CC3CC(C2)CC1C3,c1ccc([*:1])cc1,CHEMBL1818394,97
O=C(NCCC[*:1])NC1C2CC3CC(C2)CC1C3,CCCC[*:1],CHEMBL1818402,98
O=C(NCCC[*:1])NC1C2CC3CC(C2)CC1C3,CCC[*:1],CHEMBL1818401,98
O=C(NCCC[*:1])NC1C2CC3CC(C2)CC1C3,CC[*:1],CHEMBL1818400,98
O=C(NCCC[*:1])NC1C2CC3CC(C2)CC1C3,[*:1],CHEMBL1818399,98
O=C(NCCCO[*:1])NC12CC3CC(CC(C3)C1)C2,CCCCCC[*:1],CHEMBL245127,99
O=C(NCCCO[*:1])NC12CC3CC(CC(C3)C1)C2,C[*:1],CHEMBL1818417,99
O=C(NCCCO[*:1])NC12CC3CC(CC(C3)C1)C2,[*:1],CHEMBL242592,99
CCCCCNC(=O)NCCCCC=CCCCC[*:1],O=C1NC(=O)C(C[*:1])S1,CHEMBL3322823,100
CCCCCNC(=O)NCCCCC=CCCCC[*:1],CS(=O)(=O)NC(=O)CC[*:1],CHEMBL3322803,100
CCCCCNC(=O)NCCCCC=CCCCC[*:1],O=S1NC(CC[*:1])=NO1,CHEMBL3322818,100
CCCCCNC(=O)NCCCCC=CCCCC[*:1],O=S(=O)(O)CC[*:1],CHEMBL3322806,100
CCCCCNC(=O)NCCCCC=CCCCC[*:1],C(C[*:1])c1nnn[nH]1,CHEMBL3322814,100
CCCCCNC(=O)NCCCCC=CCCCC[*:1],O=c1[nH]c(CC[*:1])ns1,CHEMBL3322822,100
CCCCCNC(=O)NCCCCC=CCCCC[*:1],O=c1[nH]c(CC[*:1])no1,CHEMBL3322817,100
CCCCCNC(=O)NCCCCC=CCCCC[*:1],S=c1[nH]c(CC[*:1])no1,CHEMBL3322821,100
CCCCCNC(=O)NCCCCC=CCCCC[*:1],C(Cc1nnn[nH]1)C[*:1],CHEMBL3322815,100
CCCCCNC(=O)NCCCCC=CCCC[*:1],O=C1NC(=O)C(CC[*:1])S1,CHEMBL3322823,101
CCCCCNC(=O)NCCCCC=CCCC[*:1],O=S1NC(CCC[*:1])=NO1,CHEMBL3322818,101
CCCCCNC(=O)NCCCCC=CCCC[*:1],O=S(=O)(O)CCC[*:1],CHEMBL3322806,101
CCCCCNC(=O)NCCCCC=CCCC[*:1],C(Cc1nnn[nH]1)C[*:1],CHEMBL3322814,101
CCCCCNC(=O)NCCCCC=CCCC[*:1],O=c1[nH]c(CCC[*:1])ns1,CHEMBL3322822,101
CCCCCNC(=O)NCCCCC=CCCC[*:1],O=c1[nH]c(CCC[*:1])no1,CHEMBL3322817,101
CCCCCNC(=O)NCCCCC=CCCC[*:1],S=c1[nH]c(CCC[*:1])no1,CHEMBL3322821,101
CCCCCNC(=O)NCCCCC=CCCC[*:1],C(CC[*:1])Cc1nnn[nH]1,CHEMBL3322815,101
CCCCCNC(=O)NCCCCC=CCCC[*:1],c1n[nH]c(SCC[*:1])n1,CHEMBL3322810,101
CCCCCNC(=O)NCCCCC=CCCC[*:1],[O-][S+](CC[*:1])c1ncn[nH]1,CHEMBL3322811,101
CCCCCNC(=O)NCCCCC=CCCC[*:1],C(C[*:1])Sc1nnn[nH]1,CHEMBL3322809,101
CCCCCNC(=O)NCCCCC=CCCCCCCC(=O)[*:1],O=C(O)CC(N[*:1])C(=O)O,CHEMBL3322801,102
CCCCCNC(=O)NCCCCC=CCCCCCCC(=O)[*:1],CS(=O)(=O)N[*:1],CHEMBL3322803,102
CCCCCNC(=O)NCCCCC=CCCCCCCC(=O)[*:1],OCCOCCOCCO[*:1],CHEMBL3322797,102
CCCCCNC(=O)NCCCCC=CCCCCCCC(=O)[*:1],O=S(=O)(N[*:1])c1ccccc1,CHEMBL3322802,102
CCCCCNC(=O)NCCCCC=CCCCCC[*:1],CS(=O)(=O)NC(=O)C[*:1],CHEMBL3322803,103
CCCCCNC(=O)NCCCCC=CCCCCC[*:1],O=S1NC(C[*:1])=NO1,CHEMBL3322818,103
CCCCCNC(=O)NCCCCC=CCCCCC[*:1],C(c1nnn[nH]1)[*:1],CHEMBL3322814,103
CCCCCNC(=O)NCCCCC=CCCCCC[*:1],O=c1[nH]c(C[*:1])ns1,CHEMBL3322822,103
CCCCCNC(=O)NCCCCC=CCCCCC[*:1],O=c1[nH]c(C[*:1])no1,CHEMBL3322817,103
CCCCCNC(=O)NCCCCC=CCCCCC[*:1],S=c1[nH]c(C[*:1])no1,CHEMBL3322821,103
CCCCCNC(=O)NCCCCC=CCCCCC[*:1],Oc1ccccc1S[*:1],CHEMBL3322807,103
CCCCCNC(=O)NCCCCC=CCCCCC[*:1],C(C[*:1])c1nnn[nH]1,CHEMBL3322815,103
CCCCCNC(=O)NCCCCC=CCCCCC[*:1],c1n[nH]c(S[*:1])n1,CHEMBL3322810,103
CCCCCNC(=O)NCCCCC=CCCCCC[*:1],n1n[nH]c(S[*:1])n1,CHEMBL3322809,103
Cc1cc(C2CCN(C(=O)[*:1])CC2)n(-c2ccc(S(C)(=O)=O)cc2)n1,CCCCN[*:1],CHEMBL2425012,104
Cc1cc(C2CCN(C(=O)[*:1])CC2)n(-c2ccc(S(C)(=O)=O)cc2)n1,C1CCC(N[*:1])CC1,CHEMBL2424981,104
Cc1cc(C2CCN(C(=O)[*:1])CC2)n(-c2ccc(S(C)(=O)=O)cc2)n1,c1ccc(N[*:1])cc1,CHEMBL2424982,104
Cc1cc(NC(=O)NC23CC4CC(CC(C4)C2)C3)nn1[*:1],CCC[*:1],CHEMBL2392731,105
Cc1cc(NC(=O)NC23CC4CC(CC(C4)C2)C3)nn1[*:1],CC[*:1],CHEMBL2392730,105
O=C(NCCCCCCO[*:1])NC12CC3CC(CC(C3)C1)C2,CCC[*:1],CHEMBL245144,106
O=C(NCCCCCCO[*:1])NC12CC3CC(CC(C3)C1)C2,CCOCCOCC[*:1],CHEMBL2031941,106
O=C(NCCCCCCO[*:1])NC12CC3CC(CC(C3)C1)C2,[*:1],CHEMBL245143,106
Cc1cc(NC(=O)NC2C3CC4CC(C3)CC2C4)nn1[*:1],CCC[*:1],CHEMBL2392718,107
Cc1cc(NC(=O)NC2C3CC4CC(C3)CC2C4)nn1[*:1],CC[*:1],CHEMBL2392740,107
O=C(Nc1ccc(Cl)cc1)N1CCCC(c2ccccc2)([*:1])C1,CCN(CC)C(=O)CC[*:1],CHEMBL1078628,108
O=C(Nc1ccc(Cl)cc1)N1CCCC(c2ccccc2)([*:1])C1,CN(C)CC[*:1],CHEMBL1079140,108
O=C(Nc1ccc(Cl)cc1)N1CCCC(c2ccccc2)([*:1])C1,CNC(=O)CC[*:1],CHEMBL1079246,108
O=C(Nc1ccc(Cl)cc1)N1CCCC(c2ccccc2)([*:1])C1,N#CCC[*:1],CHEMBL1078755,108
O=C(Nc1ccc(Cl)cc1)N1CCCC(c2ccccc2)([*:1])C1,NC(=O)CC[*:1],CHEMBL1079292,108
O=C(Nc1ccc(Cl)cc1)N1CCCC(c2ccccc2)([*:1])C1,O=C(CC[*:1])NC1=NNNN1,CHEMBL1079245,108
O=C(Nc1ccc(Cl)cc1)N1CCCC(c2ccccc2)([*:1])C1,O=C(CC[*:1])N1CCOCC1,CHEMBL1078232,108
O=C(Nc1ccc(Cl)cc1)N1CCCC(c2ccccc2)([*:1])C1,C(C[*:1])C1=NNNN1,CHEMBL1079244,108
O=C(Nc1ccc(Cl)cc1)N1CCCC(c2ccccc2)([*:1])C1,OCC[*:1],CHEMBL1079290,108
O=C(Nc1ccc(Cl)cc1)N1CCCC(c2ccccc2)([*:1])C1,OCCC[*:1],CHEMBL1079291,108
O=C(Nc1ccc(Cl)cc1)N1CCCC(c2ccccc2)([*:1])C1,O=C(O)C[*:1],CHEMBL1077781,108
O=C(Nc1ccc(Cl)cc1)N1CCCC(c2ccccc2)([*:1])C1,O=C(O)CC[*:1],CHEMBL1079256,108
O=C(Nc1ccc(Cl)cc1)N1CCCC(c2ccccc2)([*:1])C1,O=C(O)CCC[*:1],CHEMBL1078565,108
O=C(Nc1ccc(Cl)cc1)N1CCCC(c2ccccc2)([*:1])C1,O=C(O)CCCC[*:1],CHEMBL1078657,108
O=C(Nc1ccc(Cl)cc1)N1CCCC(C[*:1])(c2ccccc2)C1,CCN(CC)C(=O)C[*:1],CHEMBL1078628,109
O=C(Nc1ccc(Cl)cc1)N1CCCC(C[*:1])(c2ccccc2)C1,CNC(=O)C[*:1],CHEMBL1079246,109
O=C(Nc1ccc(Cl)cc1)N1CCCC(C[*:1])(c2ccccc2)C1,N#CC[*:1],CHEMBL1078755,109
O=C(Nc1ccc(Cl)cc1)N1CCCC(C[*:1])(c2ccccc2)C1,NC(=O)C[*:1],CHEMBL1079292,109
O=C(Nc1ccc(Cl)cc1)N1CCCC(C[*:1])(c2ccccc2)C1,O=C(C[*:1])NC1=NNNN1,CHEMBL1079245,109
O=C(Nc1ccc(Cl)cc1)N1CCCC(C[*:1])(c2ccccc2)C1,O=C(C[*:1])N1CCOCC1,CHEMBL1078232,109
O=C(Nc1ccc(Cl)cc1)N1CCCC(C[*:1])(c2ccccc2)C1,C(C1=NNNN1)[*:1],CHEMBL1079244,109
O=C(Nc1ccc(Cl)cc1)N1CCCC(C[*:1])(c2ccccc2)C1,OCC[*:1],CHEMBL1079291,109
O=C(Nc1ccc(Cl)cc1)N1CCCC(C[*:1])(c2ccccc2)C1,O=C(O)C[*:1],CHEMBL1079256,109
O=C(Nc1ccc(Cl)cc1)N1CCCC(C[*:1])(c2ccccc2)C1,O=C(O)CC[*:1],CHEMBL1078565,109
O=C(Nc1ccc(Cl)cc1)N1CCCC(C[*:1])(c2ccccc2)C1,O=C(O)CCC[*:1],CHEMBL1078657,109
O=C(Nc1ccc(Cl)cc1)N1CCCC(C[*:1])(c2ccccc2)C1,[*:1],CHEMBL1079360,109
COc1ccc(CNC(=O)c2ccc([*:1])cc2)cc1,CCOC(=O)C(CC)C[*:1],CHEMBL3763509,110
COc1ccc(CNC(=O)c2ccc([*:1])cc2)cc1,CC(C)(C)[*:1],CHEMBL1300445,110
CCOC(=O)C(CC)Cc1ccc(C(=O)NCc2ccc(O[*:1])cc2)cc1,C[*:1],CHEMBL3763509,111
CCOC(=O)C(CC)Cc1ccc(C(=O)NCc2ccc(O[*:1])cc2)cc1,FC(F)(F)[*:1],CHEMBL3764546,111
CCOC(=O)C1=C(c2ccccc2)NC(=O)NC1c1ccc(N[*:1])cc1,O=C(c1ccc(F)cc1)[*:1],CHEMBL4214103,112
CCOC(=O)C1=C(c2ccccc2)NC(=O)NC1c1ccc(N[*:1])cc1,COc1ccc(C(=O)[*:1])cc1,CHEMBL4212613,112
CCOC(=O)C1=C(c2ccccc2)NC(=O)NC1c1ccc(N[*:1])cc1,O=C(c1ccccc1)[*:1],CHEMBL4204830,112
CCOC(=O)C1=C(c2ccccc2)NC(=O)NC1c1ccc(N[*:1])cc1,O=C(c1ccc([N+](=O)[O-])cc1)[*:1],CHEMBL4205324,112
CCOC(=O)C1=C(c2ccccc2)NC(=O)NC1c1ccc(N[*:1])cc1,O=C(O)CCC(=O)[*:1],CHEMBL4209701,112
CCOC(=O)C1=C(c2ccccc2)NC(=O)NC1c1ccc(N[*:1])cc1,O=C(O)c1ccccc1C(=O)[*:1],CHEMBL4203740,112
CCOC(=O)C1=C(c2ccccc2)NC(=O)NC1c1ccc(N[*:1])cc1,Cc1ccc(C(=O)[*:1])cc1,CHEMBL4217562,112
CCOC(=O)C1=C(c2ccccc2)NC(=O)NC1c1ccc(N[*:1])cc1,O=C(c1ccc(Cl)cc1)[*:1],CHEMBL4209184,112
O=C(NC12CC3CC(CC(C3)C1)C2)[*:1],CCOCCN[*:1],CHEMBL1818416,113
O=C(NC12CC3CC(CC(C3)C1)C2)[*:1],COCCCN[*:1],CHEMBL1818417,113
O=C(NC12CC3CC(CC(C3)C1)C2)[*:1],C1=CCC(N[*:1])=C1,CHEMBL5180183,113
O=C(NC12CC3CC(CC(C3)C1)C2)[*:1],OCCCCN[*:1],CHEMBL397197,113
O=C(NC12CC3CC(CC(C3)C1)C2)[*:1],OCCCN[*:1],CHEMBL242592,113
O=C(NC12CC3CC(CC(C3)C1)C2)[*:1],OCCN[*:1],CHEMBL398166,113
O=C(NC12CC3CC(CC(C3)C1)C2)[*:1],c1cc(N[*:1])no1,CHEMBL2392755,113
O=C(NC12CC3CC(CC(C3)C1)C2)[*:1],c1coc(N[*:1])n1,CHEMBL2392754,113
O=C(NC12CC3CC(CC(C3)C1)C2)[*:1],c1csc(N[*:1])n1,CHEMBL2392720,113
O=C(NC1CCC(Oc2ccc(C(=O)[*:1])cc2)CC1)NC12CC3CC(CC(C3)C1)C2,CCO[*:1],CHEMBL2031924,114
O=C(NC1CCC(Oc2ccc(C(=O)[*:1])cc2)CC1)NC12CC3CC(CC(C3)C1)C2,CN[*:1],CHEMBL2397139,114
O=C(CCCCCCO[*:1])NC12CC3CC(CC(C3)C1)C2,CCOCCOCC[*:1],CHEMBL244066,115
O=C(CCCCCCO[*:1])NC12CC3CC(CC(C3)C1)C2,c1ccc(C[*:1])cc1,CHEMBL2031929,115
O=C(Nc1ccc(OCCOCCO[*:1])cc1)NC12CC3CC(CC(C3)C1)C2,CC[*:1],CHEMBL438867,116
O=C(Nc1ccc(OCCOCCO[*:1])cc1)NC12CC3CC(CC(C3)C1)C2,FC(F)(F)C[*:1],CHEMBL2031943,116
O=C(NCc1ccc(Cl)cc1Cl)c1ccc(=O)n([*:1])c1,CCOCC[*:1],CHEMBL567283,117
O=C(NCc1ccc(Cl)cc1Cl)c1ccc(=O)n([*:1])c1,[*:1],CHEMBL568770,117
O=C(NCCC(c1ccccc1)c1ccccc1)c1ccc(=O)n([*:1])c1,CCOCC[*:1],CHEMBL567491,118
O=C(NCCC(c1ccccc1)c1ccccc1)c1ccc(=O)n([*:1])c1,[*:1],CHEMBL567503,118
O=C(NCc1ccc(N[*:1])cc1C(F)(F)F)c1ccc2c(ccn2Cc2cccc(F)c2)c1,CCS(=O)(=O)[*:1],CHEMBL5084314,119
O=C(NCc1ccc(N[*:1])cc1C(F)(F)F)c1ccc2c(ccn2Cc2cccc(F)c2)c1,CS(=O)(=O)[*:1],CHEMBL5090821,119
O=C(NCc1ccc(N[*:1])cc1C(F)(F)F)c1ccc2c(ccn2Cc2cccc(F)c2)c1,O=C(C(F)(F)F)[*:1],CHEMBL5087833,119
O=C(NCc1ccc(N[*:1])cc1C(F)(F)F)c1ccc2c(ccn2Cc2cccc(F)c2)c1,O=S(=O)(C1CC1)[*:1],CHEMBL5084336,119
O=C(NCc1ccc(N[*:1])cc1C(F)(F)F)c1ccc2c(ccn2Cc2cccc(F)c2)c1,[*:1],CHEMBL5087861,119
O=C(NCc1ccccc1C(F)(F)F)C1CCN([*:1])CC1,CCc1nc(NC)nc([*:1])n1,CHEMBL2392715,120
O=C(NCc1ccccc1C(F)(F)F)C1CCN([*:1])CC1,CNc1cc(C)cc([*:1])c1,CHEMBL2392705,120
O=C(NCc1ccccc1C(F)(F)F)C1CCN([*:1])CC1,CNc1cc(C)cc([*:1])n1,CHEMBL2392704,120
O=C(NCc1ccccc1C(F)(F)F)C1CCN([*:1])CC1,CNc1cc(C)nc([*:1])n1,CHEMBL2392700,120
O=C(NCc1ccccc1C(F)(F)F)C1CCN([*:1])CC1,CNc1cc([*:1])cc(C)n1,CHEMBL2392702,120
O=C(NCc1ccccc1C(F)(F)F)C1CCN([*:1])CC1,CNc1cc([*:1])nc(C)n1,CHEMBL2392701,120
O=C(NCc1ccccc1C(F)(F)F)C1CCN([*:1])CC1,CNc1nc(C)cc([*:1])n1,CHEMBL2392699,120
O=C(NCc1ccccc1C(F)(F)F)C1CCN([*:1])CC1,CNc1nc(NC)nc([*:1])n1,CHEMBL2392712,120
O=C(NCc1ccccc1C(F)(F)F)C1CCN([*:1])CC1,CNc1cc(C)nc([*:1])c1,CHEMBL2392703,120
O=C(NCc1ccccc1C(F)(F)F)C1CCN([*:1])CC1,Cc1nc(N(C)C)nc([*:1])n1,CHEMBL2392695,120
O=C(Cc1ccccc1F)Nc1nc2ccc(N(CCN3CCOCC3)C(=O)[*:1])cc2s1,CCc1ccc(N[*:1])cc1,CHEMBL4780833,121
O=C(Cc1ccccc1F)Nc1nc2ccc(N(CCN3CCOCC3)C(=O)[*:1])cc2s1,Clc1ccc(N[*:1])cc1,CHEMBL4787307,121
CCc1ccc(NC(=O)N(CCN2CCOCC2)c2ccc3nc(N[*:1])sc3c2)cc1,O=C(Cc1ccccc1F)[*:1],CHEMBL4780833,122
CCc1ccc(NC(=O)N(CCN2CCOCC2)c2ccc3nc(N[*:1])sc3c2)cc1,[*:1],CHEMBL4758156,122
O=C(Nc1ccc(Cl)c(C(F)(F)F)c1)NC1CCC(Oc2ccnc(C(=O)[*:1])c2)CC1,CN(C)[*:1],CHEMBL2397142,123
O=C(Nc1ccc(Cl)c(C(F)(F)F)c1)NC1CCC(Oc2ccnc(C(=O)[*:1])c2)CC1,CN[*:1],CHEMBL2397137_CHEMBL2397141,123
O=C(Nc1cccc(OCCCN2CCOCC2)c1)Nc1cccc([*:1])c1,CN(C)[*:1],CHEMBL550589,124
O=C(Nc1cccc(OCCCN2CCOCC2)c1)Nc1cccc([*:1])c1,[*:1],CHEMBL540430,124
O=C(NC1C(c2ccccc2)C1c1ccccc1)[*:1],CN1CCN([*:1])CC1,CHEMBL3401637,125
O=C(NC1C(c2ccccc2)C1c1ccccc1)[*:1],C1CCN([*:1])CC1,CHEMBL3401636,125
CNc1nc(N2CCC(C(=O)NCc3ccccc3C(F)(F)F)CC2)nc([*:1])n1,CN1CCN([*:1])CC1,CHEMBL2392711,126
CNc1nc(N2CCC(C(=O)NCc3ccccc3C(F)(F)F)CC2)nc([*:1])n1,CN[*:1],CHEMBL2392712,126
CNc1nc(N2CCC(C(=O)NCc3ccccc3C(F)(F)F)CC2)nc([*:1])n1,CN(C)CCN(C)[*:1],CHEMBL2392713,126
CNc1nc(N2CCC(C(=O)NCc3ccccc3C(F)(F)F)CC2)nc([*:1])n1,c1ccc([*:1])cc1,CHEMBL2392694,126
CNc1nc(NC2CCC(C(=O)NCc3ccccc3C(F)(F)F)CC2)nc([*:1])n1,C1CCN([*:1])CC1,CHEMBL4878345,127
CNc1nc(NC2CCC(C(=O)NCc3ccccc3C(F)(F)F)CC2)nc([*:1])n1,C1CCN([*:1])C1,CHEMBL4846972,127
CNc1nc(NC2CCC(C(=O)NCc3ccccc3C(F)(F)F)CC2)nc([*:1])n1,CN(C)CCN(C)[*:1],CHEMBL4852295,127
CNc1nc(NC2CCC(C(=O)NCc3ccccc3C(F)(F)F)CC2)nc([*:1])n1,CN1CCN([*:1])CC1,CHEMBL4850549,127
CNc1nc(NC2CCC(C(=O)NCc3ccccc3C(F)(F)F)CC2)nc([*:1])n1,CC(CN[*:1])c1ccccc1,CHEMBL4851172,127
CNc1nc(NC2CCC(C(=O)NCc3ccccc3C(F)(F)F)CC2)nc([*:1])n1,c1ccc(CN[*:1])cc1,CHEMBL4850355,127
CNc1nc(NCC(C)c2ccccc2)nc(NC2CCC(C(=O)[*:1])CC2)n1,FC(F)(F)c1ccc(CN[*:1])cc1,CHEMBL4875310,128
CNc1nc(NCC(C)c2ccccc2)nc(NC2CCC(C(=O)[*:1])CC2)n1,c1ccc(CN[*:1])cc1,CHEMBL4853643,128
CNc1nc(NCC(C)c2ccccc2)nc(NC2CCC(C(=O)[*:1])CC2)n1,FC(F)(F)c1ccccc1CN[*:1],CHEMBL4851172,128
CNc1nc(NCC(C)c2ccccc2)nc(NC2CCC(C(=O)[*:1])CC2)n1,FC(F)(F)Oc1ccccc1CN[*:1],CHEMBL4853666,128
CNc1nc(NCC(C)c2ccccc2)nc(NC2CCC(C(=O)[*:1])CC2)n1,FC(F)(F)Sc1ccccc1CN[*:1],CHEMBL4847993,128
CNc1nc(NCC(C)c2ccccc2)nc(NC2CCC(C(=O)[*:1])CC2)n1,O=C(O)c1ccc(CN[*:1])cc1,CHEMBL4641357_CHEMBL4850535,128
O=C(NCC[*:1])NC1CCCCC1,COC(=O)C[*:1],CHEMBL220415,129
O=C(NCC[*:1])NC1CCCCC1,c1ccc([*:1])cc1,CHEMBL193888,129
CC(C)(O[*:1])c1ccc(C(=O)NCc2ccc(NS(C)(=O)=O)cc2Cl)cc1,C[*:1],CHEMBL5094442,130
CC(C)(O[*:1])c1ccc(C(=O)NCc2ccc(NS(C)(=O)=O)cc2Cl)cc1,[*:1],CHEMBL5079511,130
O=C(NCc1ccc(Cl)cc1Cl)N1CCC(C(=O)[*:1])CC1,COCCN[*:1],CHEMBL592024,131
O=C(NCc1ccc(Cl)cc1Cl)N1CCC(C(=O)[*:1])CC1,CS(=O)(=O)CCN[*:1],CHEMBL603531,131
O=C(NCc1ccc(Cl)cc1Cl)N1CCC(C(=O)[*:1])CC1,N[*:1],CHEMBL591790,131
O=C(NCc1ccc(Cl)cc1Cl)N1CCC(C(=O)[*:1])CC1,C1CC(N[*:1])CCO1,CHEMBL565629,131
O=C(NCc1ccc(Cl)cc1Cl)N1CCC(C(=O)[*:1])CC1,C(CC1CCOCC1)N[*:1],CHEMBL594132,131
O=C(NCc1ccc(Cl)cc1Cl)N1CCC(C(=O)[*:1])CC1,C1CCN(CCN[*:1])C1,CHEMBL591791,131
CC(=O)N1CCC(NC(=O)NC23CC4CC(O[*:1])(CC(C2)c2ccccc24)C3)CC1,C[*:1],CHEMBL5209279,132
CC(=O)N1CCC(NC(=O)NC23CC4CC(O[*:1])(CC(C2)c2ccccc24)C3)CC1,[*:1],CHEMBL5203000,132
Cc1nc(N2CCC(C(=O)NCc3ccccc3C(F)(F)F)CC2)nc([*:1])n1,COCCN[*:1],CHEMBL2392698,133
Cc1nc(N2CCC(C(=O)NCc3ccccc3C(F)(F)F)CC2)nc([*:1])n1,C1CN([*:1])CCO1,CHEMBL2392697,133
Cc1nc(N2CCC(C(=O)NCc3ccccc3C(F)(F)F)CC2)nc([*:1])n1,CC(C)N[*:1],CHEMBL2392696,133
Cc1nc(N2CCC(C(=O)NCc3ccccc3C(F)(F)F)CC2)nc([*:1])n1,CN(C)[*:1],CHEMBL2392695,133
O=C(NCc1cc([*:1])on1)NCC12CC3CC(CC(C3)C1)C2,COc1ccc([*:1])cc1,CHEMBL3633667,134
O=C(NCc1cc([*:1])on1)NCC12CC3CC(CC(C3)C1)C2,Cc1ccc([*:1])cc1,CHEMBL3633666,134
O=C(NCc1cc([*:1])on1)NCC12CC3CC(CC(C3)C1)C2,c1coc([*:1])c1,CHEMBL3633668,134
COc1ccc(CNC(=O)c2ccc(O[*:1])cc2)c(C(F)(F)F)c1,C[*:1],CHEMBL4091712,135
COc1ccc(CNC(=O)c2ccc(O[*:1])cc2)c(C(F)(F)F)c1,FC(F)[*:1],CHEMBL4063944,135
O=C(Nc1ccc(-c2nc([*:1])cs2)cc1)C1CCN(S(=O)(=O)c2ccccc2Cl)CC1,COc1ccc([*:1])cc1,CHEMBL5094294,136
O=C(Nc1ccc(-c2nc([*:1])cs2)cc1)C1CCN(S(=O)(=O)c2ccccc2Cl)CC1,Cc1ccc([*:1])cc1,CHEMBL5076329,136
O=C(Nc1ccc(-c2nc([*:1])cs2)cc1)C1CCN(S(=O)(=O)c2ccccc2Cl)CC1,Fc1ccc([*:1])cc1,CHEMBL5074748,136
O=C(Nc1ccc(-c2nc([*:1])cs2)cc1)C1CCN(S(=O)(=O)c2ccccc2Cl)CC1,Clc1ccc([*:1])cc1,CHEMBL5093204,136
O=C(Nc1ccc(-c2nc([*:1])cs2)cc1)C1CCN(S(=O)(=O)c2ccccc2Cl)CC1,c1ccc([*:1])cc1,CHEMBL5082839,136
O=C(Nc1ccc(-c2nc([*:1])cs2)cc1)C1CCN(S(=O)(=O)c2ccccc2Cl)CC1,[*:1],CHEMBL5083307,136
COc1ccc(CNC(=O)c2ccc3c(c2)[nH]c(=O)n3[*:1])c(C(F)(F)F)c1,Fc1cccc(C[*:1])c1,CHEMBL5080856,137
COc1ccc(CNC(=O)c2ccc3c(c2)[nH]c(=O)n3[*:1])c(C(F)(F)F)c1,c1ccc(C[*:1])cc1,CHEMBL5087313,137
Cc1ccc(S(=O)(=O)N2CCC(C(=O)Nc3ccc(O[*:1])cc3)CC2)c(C)c1,C[*:1],CHEMBL2313170,138
Cc1ccc(S(=O)(=O)N2CCC(C(=O)Nc3ccc(O[*:1])cc3)CC2)c(C)c1,FC(F)(F)[*:1],CHEMBL2313195,138
Cc1ccc(S(=O)(=O)N2CCC(C(=O)Nc3ccc(O[*:1])cc3)CC2)c(C)c1,[*:1],CHEMBL2313193,138
Cc1ccc(S(=O)(=O)N2CCC(C(=O)[*:1])CC2)c(C)c1,COc1ccc(N[*:1])cc1,CHEMBL2313170,139
Cc1ccc(S(=O)(=O)N2CCC(C(=O)[*:1])CC2)c(C)c1,C1CC1N[*:1],CHEMBL2313162,139
Cc1ccc(S(=O)(=O)N2CCC(C(=O)[*:1])CC2)c(C)c1,C1CCC(N[*:1])CC1,CHEMBL2313164,139
Cc1ccc(S(=O)(=O)N2CCC(C(=O)[*:1])CC2)c(C)c1,C1CCC(N[*:1])C1,CHEMBL2313186,139
Cc1ccc(S(=O)(=O)N2CCC(C(=O)[*:1])CC2)c(C)c1,C1CCCC(N[*:1])CC1,CHEMBL1933651,139
Cc1ccc(S(=O)(=O)N2CCC(C(=O)[*:1])CC2)c(C)c1,C1CC(N[*:1])C1,CHEMBL2313163,139
Cc1ccc(S(=O)(=O)N2CCC(C(=O)[*:1])CC2)c(C)c1,C1CCCC(N[*:1])CCC1,CHEMBL2313166,139
Cc1ccc(S(=O)(=O)N2CCC(C(=O)[*:1])CC2)c(C)c1,CC(C)CN[*:1],CHEMBL2313204,139
Cc1ccc(S(=O)(=O)N2CCC(C(=O)[*:1])CC2)c(C)c1,C1CCC(CN[*:1])CC1,CHEMBL2313188,139
Cc1ccc(S(=O)(=O)N2CCC(C(=O)[*:1])CC2)c(C)c1,Brc1ccc(N[*:1])cc1,CHEMBL2313178,139
Cc1ccc(S(=O)(=O)N2CCC(C(=O)[*:1])CC2)c(C)c1,Clc1cc(Cl)cc(N[*:1])c1,CHEMBL2313201,139
Cc1ccc(S(=O)(=O)N2CCC(C(=O)[*:1])CC2)c(C)c1,Clc1ccc(N[*:1])cc1Cl,CHEMBL2313202,139
Cc1ccc(S(=O)(=O)N2CCC(C(=O)[*:1])CC2)c(C)c1,Oc1ccc(N[*:1])cc1,CHEMBL2313193,139
Cc1ccc(S(=O)(=O)N2CCC(C(=O)[*:1])CC2)c(C)c1,Clc1ccc(N[*:1])cc1,CHEMBL2313200,139
Cc1ccc(S(=O)(=O)N2CCC(C(=O)[*:1])CC2)c(C)c1,Fc1ccc(N[*:1])cc1,CHEMBL2313177,139
Cc1ccc(S(=O)(=O)N2CCC(C(=O)[*:1])CC2)c(C)c1,c1ccc(N[*:1])cc1,CHEMBL2313167,139
Cc1ccc(S(=O)(=O)N2CCC(C(=O)[*:1])CC2)c(C)c1,Brc1ccccc1N[*:1],CHEMBL2313191,139
Cc1ccc(S(=O)(=O)N2CCC(C(=O)[*:1])CC2)c(C)c1,Cc1ccccc1N[*:1],CHEMBL2313169,139
Cc1ccc(S(=O)(=O)N2CCC(C(=O)[*:1])CC2)c(C)c1,Clc1ccccc1N[*:1],CHEMBL2313168,139
Cc1ccc(S(=O)(=O)N2CCC(C(=O)[*:1])CC2)c(C)c1,Oc1ccccc1N[*:1],CHEMBL2313192,139
Cc1ccc(S(=O)(=O)N2CCC(C(=O)[*:1])CC2)c(C)c1,Fc1ccccc1N[*:1],CHEMBL2313190,139
O=C(Nc1ccc(O[*:1])cc1)NC1CCCCC1,C[*:1],CHEMBL191968,140
O=C(Nc1ccc(O[*:1])cc1)NC1CCCCC1,FC(F)(F)[*:1],CHEMBL2031931,140
O=C(Nc1ccc(O[*:1])cc1)N1CCC2(CCN(C(=O)c3c(F)cccc3F)CC2)C1,C[*:1],CHEMBL2436560,141
O=C(Nc1ccc(O[*:1])cc1)N1CCC2(CCN(C(=O)c3c(F)cccc3F)CC2)C1,FC(F)(F)[*:1],CHEMBL2436564,141
O=C(Nc1ccc(O[*:1])cc1)N1CCC2(CCN(C(=O)c3c(F)cccc3F)CC2)C1,FC(F)(F)C[*:1],CHEMBL2436565,141
O=C(c1c(F)cccc1F)N1CCC2(CC1)CCN(C(=O)[*:1])C2,COc1ccc(N[*:1])cc1,CHEMBL2436560,142
O=C(c1c(F)cccc1F)N1CCC2(CC1)CCN(C(=O)[*:1])C2,Cc1cc(N[*:1])ccc1Cl,CHEMBL2436570,142
O=C(c1c(F)cccc1F)N1CCC2(CC1)CCN(C(=O)[*:1])C2,N#Cc1ccc(N[*:1])cc1,CHEMBL2436561,142
O=C(c1c(F)cccc1F)N1CCC2(CC1)CCN(C(=O)[*:1])C2,C1C2CC3CC1CC(N[*:1])(C2)C3,CHEMBL2436557,142
O=C(c1c(F)cccc1F)N1CCC2(CC1)CCN(C(=O)[*:1])C2,FC(F)(F)c1ccc(N[*:1])cc1,CHEMBL2436563,142
O=C(c1c(F)cccc1F)N1CCC2(CC1)CCN(C(=O)[*:1])C2,Clc1ccc(N[*:1])cc1Cl,CHEMBL2436569,142
O=C(c1c(F)cccc1F)N1CCC2(CC1)CCN(C(=O)[*:1])C2,Clc1ccc(N[*:1])cc1,CHEMBL2436562,142
O=C(c1c(F)cccc1F)N1CCC2(CC1)CCN(C(=O)[*:1])C2,Clc1ccc(N[*:1])c(Cl)c1,CHEMBL2436571,142
O=C(c1c(F)cccc1F)N1CCC2(CC1)CCN(C(=O)[*:1])C2,FC(F)(F)c1cccc(N[*:1])c1,CHEMBL2436566,142
O=C(NC1CC1c1ccccc1)N1CCC([*:1])CC1,COc1ccc(O[*:1])cc1,CHEMBL3114600,143
O=C(NC1CC1c1ccccc1)N1CCC([*:1])CC1,COc1cccc(O[*:1])c1,CHEMBL3114599,143
O=C(NC1CC1c1ccccc1)N1CCC([*:1])CC1,COc1ccccc1O[*:1],CHEMBL3114598,143
O=C(NC1CC1c1ccccc1)N1CCC([*:1])CC1,Cc1ccc(O[*:1])cc1,CHEMBL3114594,143
O=C(NC1CC1c1ccccc1)N1CCC([*:1])CC1,Cc1cccc(O[*:1])c1,CHEMBL3114593,143
O=C(NC1CC1c1ccccc1)N1CCC([*:1])CC1,Cc1ccccc1O[*:1],CHEMBL3114592,143
O=C(NC1CC1c1ccccc1)N1CCC([*:1])CC1,Clc1ccc(O[*:1])cc1,CHEMBL3114591,143
O=C(NC1CC1c1ccccc1)N1CCC([*:1])CC1,Clc1ccccc1O[*:1],CHEMBL3114618,143
O=C(NC1CC1c1ccccc1)N1CCC([*:1])CC1,c1ccc(O[*:1])cc1,CHEMBL3114611,143
O=C(NC1CC1c1ccccc1)N1CCC([*:1])CC1,c1ccc(O[*:1])nc1,CHEMBL3114612,143
O=C(NC1CC1c1ccccc1)N1CCC([*:1])CC1,c1cncc(O[*:1])c1,CHEMBL3114613,143
O=C(NC1CC1c1ccccc1)N1CCC([*:1])CC1,c1cc(O[*:1])ccn1,CHEMBL3114614,143
O=C(NC1CC1c1ccccc1)N1CCC([*:1])CC1,c1cnc(O[*:1])cn1,CHEMBL3114616,143
O=C(NC1CC1c1ccccc1)N1CCC([*:1])CC1,c1cnc(O[*:1])nc1,CHEMBL3114615,143
O=C(NC1CC1c1ccccc1)N1CCC([*:1])CC1,c1cnn([*:1])c1,CHEMBL559101,143
O=C(NC1CC1c1ccccc1)N1CCC([*:1])CC1,c1cn([*:1])nn1,CHEMBL564975,143
O=C(NC1CC1c1ccccc1)N1CCC([*:1])CC1,c1ncn([*:1])n1,CHEMBL563732,143
O=C(NC1CC1c1ccccc1)N1CCC([*:1])CC1,Clc1cccc(O[*:1])c1,CHEMBL3114590,143
O=C(Nc1ccc(S(=O)(=O)[*:1])cc1)NC12CC3CC(CC(C3)C1)C2,COc1ccc(N[*:1])nn1,CHEMBL2392742,144
O=C(Nc1ccc(S(=O)(=O)[*:1])cc1)NC12CC3CC(CC(C3)C1)C2,Cc1cc(N[*:1])no1,CHEMBL2392743,144
O=C(Nc1ccc(S(=O)(=O)[*:1])cc1)NC12CC3CC(CC(C3)C1)C2,Cc1ccnc(N[*:1])n1,CHEMBL2392745,144
O=C(Nc1ccc(S(=O)(=O)[*:1])cc1)NC12CC3CC(CC(C3)C1)C2,Cc1nc(N[*:1])oc1C,CHEMBL2392744,144
O=C(Nc1ccc(S(=O)(=O)[*:1])cc1)NC12CC3CC(CC(C3)C1)C2,Cc1noc(N[*:1])c1C,CHEMBL2392746,144
O=C(Nc1ccc(S(=O)(=O)[*:1])cc1)NC12CC3CC(CC(C3)C1)C2,Clc1ccc(N[*:1])nn1,CHEMBL2392741,144
O=C(Nc1ccccc1O[*:1])NC12CC3CC(CC(C3)C1)C2,C[*:1],CHEMBL445531,145
O=C(Nc1ccccc1O[*:1])NC12CC3CC(CC(C3)C1)C2,[*:1],CHEMBL477670,145
O=C(NCc1ccccc1C(F)(F)F)c1ccc2c(c1)[nH]c(=O)n2[*:1],COc1ccccc1C[*:1],CHEMBL5086060,146
O=C(NCc1ccccc1C(F)(F)F)c1ccc2c(c1)[nH]c(=O)n2[*:1],C1CCC(C[*:1])CC1,CHEMBL5083878,146
O=C(NCc1ccccc1C(F)(F)F)c1ccc2c(c1)[nH]c(=O)n2[*:1],Fc1cc(F)cc(C[*:1])c1,CHEMBL5075443,146
O=C(NCc1ccccc1C(F)(F)F)c1ccc2c(c1)[nH]c(=O)n2[*:1],Clc1ccc(C[*:1])cc1Cl,CHEMBL5094028,146
O=C(NCc1ccccc1C(F)(F)F)c1ccc2c(c1)[nH]c(=O)n2[*:1],Clc1ccc(C[*:1])cc1,CHEMBL5094324,146
O=C(NCc1ccccc1C(F)(F)F)c1ccc2c(c1)[nH]c(=O)n2[*:1],Clc1ccc(C[*:1])c(Cl)c1,CHEMBL5090522,146
O=C(NCc1ccccc1C(F)(F)F)c1ccc2c(c1)[nH]c(=O)n2[*:1],Clc1cccc(C[*:1])c1,CHEMBL5083326,146
O=C(NCc1ccccc1C(F)(F)F)c1ccc2c(c1)[nH]c(=O)n2[*:1],Fc1ccc(C[*:1])cc1,CHEMBL5074933,146
O=C(NCc1ccccc1C(F)(F)F)c1ccc2c(c1)[nH]c(=O)n2[*:1],c1ccc(C[*:1])cc1,CHEMBL5084529,146
O=C(NCc1ccccc1C(F)(F)F)c1ccc2c(c1)[nH]c(=O)n2[*:1],Fc1cccc(C[*:1])c1,CHEMBL5071398,146
O=C(NCc1ccccc1C(F)(F)F)c1ccc2c(c1)[nH]c(=O)n2[*:1],FC(F)(F)c1ccccc1C[*:1],CHEMBL5086718,146
O=C(NCc1ccccc1C(F)(F)F)c1ccc2c(c1)[nH]c(=O)n2[*:1],Clc1ccccc1C[*:1],CHEMBL5089975,146
O=C(NCc1ccccc1C(F)(F)F)c1ccc2c(c1)[nH]c(=O)n2[*:1],Fc1ccccc1C[*:1],CHEMBL5093048,146
O=C(NCc1ccccc1C(F)(F)F)c1ccc2c(c1)[nH]c(=O)n2[*:1],c1ccc(C[*:1])nc1,CHEMBL5080456,146
O=C(NC1C(c2ccccc2)C1c1ccccc1)N1CCCC(N[*:1])C1,CS(=O)(=O)[*:1],CHEMBL3401638,147
O=C(NC1C(c2ccccc2)C1c1ccccc1)N1CCCC(N[*:1])C1,O=S(=O)(c1ccc(F)cc1)[*:1],CHEMBL3401639,147
O=C(NCc1ccc([*:1])cc1)c1ccc(OCCC(F)(F)F)nc1,CS(=O)(=O)c1ccc([*:1])cc1,CHEMBL567703,148
O=C(NCc1ccc([*:1])cc1)c1ccc(OCCC(F)(F)F)nc1,[*:1],CHEMBL576449,148
O=C(NC1CC1c1ccccc1)N1CCC(c2nc([*:1])no2)CC1,CS(=O)(=O)c1ccc([*:1])cc1,CHEMBL551058,149
O=C(NC1CC1c1ccccc1)N1CCC(c2nc([*:1])no2)CC1,c1ccc2nc([*:1])ccc2c1,CHEMBL551921,149
O=C(NC1CC1c1ccccc1)N1CCC(c2nc([*:1])no2)CC1,c1ccc([*:1])nc1,CHEMBL552382_CHEMBL562822,149
O=C(NC1CC1c1ccccc1)N1CCC(c2nc([*:1])no2)CC1,FC(F)(F)c1ccccc1[*:1],CHEMBL561788,149
O=C(NC1CC1c1ccccc1)N1CCC(c2nc([*:1])no2)CC1,c1cc([*:1])ccn1,CHEMBL556487,149
O=C(NC1CC1c1ccccc1)N1CCC(c2nc([*:1])no2)CC1,c1cnc([*:1])cn1,CHEMBL557032,149
O=C(NC1CC1c1ccccc1)N1CCC(c2nc([*:1])no2)CC1,c1ccc2c([*:1])nccc2c1,CHEMBL552061,149
O=C(NC1CC1c1ccccc1)N1CCC(c2nc([*:1])no2)CC1,c1cncc([*:1])c1,CHEMBL564757,149
O=C(NC1CC1c1ccccc1)N1CCC(c2nc([*:1])no2)CC1,c1cnc([*:1])nc1,CHEMBL551517,149
O=C(NC1CC1c1ccccc1)N1CCC(c2nc([*:1])no2)CC1,O=C(O)c1ccc([*:1])cc1,CHEMBL559531,149
CS(=O)(=O)c1ccc(-n2nc(CNC(=O)[*:1])cc2-c2ccccc2)cc1,C1CCCC(N[*:1])CC1,CHEMBL1766290,150
CS(=O)(=O)c1ccc(-n2nc(CNC(=O)[*:1])cc2-c2ccccc2)cc1,C1C2CC3CC1CC(N[*:1])(C2)C3,CHEMBL1766289,150
CS(=O)(=O)c1ccc(-n2nc(CNC(=O)[*:1])cc2-c2ccccc2)cc1,FC(F)(F)c1ccc(N[*:1])cc1,CHEMBL1766293,150
CS(=O)(=O)c1ccc(-n2nc(CNC(=O)[*:1])cc2-c2ccccc2)cc1,c1ccc(N[*:1])cc1,CHEMBL1766291,150
CS(=O)(=O)c1ccc(-n2nc(CNC(=O)[*:1])cc2-c2ccccc2)cc1,FC(F)(F)Oc1ccc(N[*:1])cc1,CHEMBL1766292,150
CS(=O)(=O)c1ccc(-n2nc(CNC(=O)[*:1])cc2-c2ccccc2)cc1,FC(F)(F)c1cccc(N[*:1])c1,CHEMBL1766294,150
CS(=O)(=O)c1ccc(C(=O)NCCC(c2ccc(F)cc2)[*:1])cc1,Fc1ccc([*:1])cc1,CHEMBL551338,151
CS(=O)(=O)c1ccc(C(=O)NCCC(c2ccc(F)cc2)[*:1])cc1,CS(=O)(=O)c1ccc([*:1])cc1,CHEMBL562081,151
O=C(NCCCc1cc(-c2ccccc2)n([*:1])n1)Nc1cccc(C(F)(F)F)c1,CS(=O)(=O)c1ccc([*:1])cc1,CHEMBL1766300,152
O=C(NCCCc1cc(-c2ccccc2)n([*:1])n1)Nc1cccc(C(F)(F)F)c1,NS(=O)(=O)c1ccc([*:1])cc1,CHEMBL1766299,152
O=C(NCc1cc(-c2ccccc2)n([*:1])n1)Nc1cccc(C(F)(F)F)c1,CS(=O)(=O)c1ccc([*:1])cc1,CHEMBL1766294,153
O=C(NCc1cc(-c2ccccc2)n([*:1])n1)Nc1cccc(C(F)(F)F)c1,NS(=O)(=O)c1ccc([*:1])cc1,CHEMBL1766295,153
N#Cc1ccc(C(=O)NCCC(c2ccc(F)cc2)[*:1])cc1,CS(=O)(=O)c1ccc([*:1])cc1,CHEMBL556716_CHEMBL556717_CHEMBL564227,154
N#Cc1ccc(C(=O)NCCC(c2ccc(F)cc2)[*:1])cc1,Fc1ccc([*:1])cc1,CHEMBL551138,154
CS(=O)(=O)c1ccc(C(CCN[*:1])c2ccc(F)cc2)cc1,N#Cc1ccc(C(=O)[*:1])cc1,CHEMBL556716_CHEMBL556717_CHEMBL564227,155
CS(=O)(=O)c1ccc(C(CCN[*:1])c2ccc(F)cc2)cc1,O=C(c1ccc(O)cc1)[*:1],CHEMBL2021549_CHEMBL2021563,155
CS(=O)(=O)c1ccc(C(CCN[*:1])c2ccc(F)cc2)cc1,O=C(c1ccc(O)nc1)[*:1],CHEMBL556507,155
CS(=O)(=O)c1ccc(C(CCN[*:1])c2ccc(F)cc2)cc1,O=C(c1cccnc1)[*:1],CHEMBL564145,155
O=C(NCCC(c1ccc(F)cc1)[*:1])c1ccc(O)nc1,CS(=O)(=O)c1ccc([*:1])cc1,CHEMBL556507,156
O=C(NCCC(c1ccc(F)cc1)[*:1])c1ccc(O)nc1,Fc1ccc([*:1])cc1,CHEMBL563417,156
CS(=O)(=O)c1ccc(C(CCNC(=O)c2ccc(O[*:1])nc2)c2ccc(F)cc2)cc1,FC(F)(F)C[*:1],CHEMBL556234,157
CS(=O)(=O)c1ccc(C(CCNC(=O)c2ccc(O[*:1])nc2)c2ccc(F)cc2)cc1,[*:1],CHEMBL556507,157
Cc1cc(C(=O)Nc2ccc(Cl)cc2)ccc1N(CC[*:1])C(=O)Nc1ccc(Cl)cc1,C1CCN([*:1])C1,CHEMBL5190894,158
Cc1cc(C(=O)Nc2ccc(Cl)cc2)ccc1N(CC[*:1])C(=O)Nc1ccc(Cl)cc1,O=C1CCCN1[*:1],CHEMBL5202839,158
Cc1cc(C(=O)Nc2ccc(Cl)cc2)ccc1N(CC[*:1])C(=O)Nc1ccc(Cl)cc1,C1CCN([*:1])CC1,CHEMBL5173974,158
Cc1cc(C(=O)Nc2ccc(Cl)cc2)ccc1N(CC[*:1])C(=O)Nc1ccc(Cl)cc1,O=C1COCCN1[*:1],CHEMBL5170467,158
Cc1cc(C(=O)Nc2ccc(Cl)cc2)ccc1N(CC[*:1])C(=O)Nc1ccc(Cl)cc1,O=S1(=O)CCN([*:1])CC1,CHEMBL5206926,158
Cc1cc(C(=O)Nc2ccc(Cl)cc2)ccc1N(CC[*:1])C(=O)Nc1ccc(Cl)cc1,C1CN([*:1])CCS1,CHEMBL5202170,158
Cc1cc(C(=O)Nc2ccc(Cl)cc2)ccc1N(CC[*:1])C(=O)Nc1ccc(Cl)cc1,[O-][S+]1CCN([*:1])CC1,CHEMBL5196556,158
Cc1cc(C(=O)[*:1])ccc1N(CCN1CCCC1)C(=O)Nc1ccc(Cl)cc1,Clc1ccc(N[*:1])cc1,CHEMBL5190894,159
Cc1cc(C(=O)[*:1])ccc1N(CCN1CCCC1)C(=O)Nc1ccc(Cl)cc1,Fc1ccc(N[*:1])nc1,CHEMBL5203957,159
Cc1cc(C(=O)[*:1])ccc1N(CCN1CCCC1)C(=O)Nc1ccc(Cl)cc1,c1cc2c(cc1N[*:1])OCO2,CHEMBL5176017,159
Cc1cc(C(=O)[*:1])ccc1N(CCN1CCCC1=O)C(=O)Nc1ccc(Cl)cc1,Clc1ccc(N[*:1])cc1,CHEMBL5202839,160
Cc1cc(C(=O)[*:1])ccc1N(CCN1CCCC1=O)C(=O)Nc1ccc(Cl)cc1,Fc1ccc(N[*:1])nc1,CHEMBL5173452,160
Cc1cc(C(=O)[*:1])ccc1N(CCN1CCCC1=O)C(=O)Nc1ccc(Cl)cc1,c1cc2c(cc1N[*:1])OCO2,CHEMBL5199526,160
Cc1cc(C(=O)Nc2ccc(F)cn2)ccc1N(CC[*:1])C(=O)Nc1ccc(Cl)cc1,C1CCN([*:1])C1,CHEMBL5203957,161
Cc1cc(C(=O)Nc2ccc(F)cn2)ccc1N(CC[*:1])C(=O)Nc1ccc(Cl)cc1,O=C1CCCN1[*:1],CHEMBL5173452,161
Cc1cc(C(=O)Nc2ccc(F)cn2)ccc1N(CC[*:1])C(=O)Nc1ccc(Cl)cc1,C1CN([*:1])CCO1,CHEMBL5201407,161
Cc1cc(C(=O)Nc2ccc3c(c2)OCO3)ccc1N(CC[*:1])C(=O)Nc1ccc(Cl)cc1,C1CCN([*:1])C1,CHEMBL5176017,162
Cc1cc(C(=O)Nc2ccc3c(c2)OCO3)ccc1N(CC[*:1])C(=O)Nc1ccc(Cl)cc1,C1CN([*:1])CCO1,CHEMBL5189164,162
Cc1cc(C(=O)Nc2ccc3c(c2)OCO3)ccc1N(CC[*:1])C(=O)Nc1ccc(Cl)cc1,O=C1CCCN1[*:1],CHEMBL5199526,162
Cc1cc(C2CCN(C(=O)NC3CCCCC3)CC2)n([*:1])n1,CS(=O)(=O)c1ccc([*:1])cc1,CHEMBL2424981,163
Cc1cc(C2CCN(C(=O)NC3CCCCC3)CC2)n([*:1])n1,NS(=O)(=O)c1ccc([*:1])cc1,CHEMBL2425004,163
Cc1cc(C2CCN(C(=O)[*:1])CC2)n(-c2ccc(S(N)(=O)=O)cc2)n1,C1CCC(N[*:1])CC1,CHEMBL2425004,164
Cc1cc(C2CCN(C(=O)[*:1])CC2)n(-c2ccc(S(N)(=O)=O)cc2)n1,Cc1ccc(N[*:1])cc1,CHEMBL2425007,164
Cc1cc(NC(=O)[*:1])ccc1OCc1nc2ccccc2s1,Clc1ccc(N[*:1])cc1,CHEMBL4474511,165
Cc1cc(NC(=O)[*:1])ccc1OCc1nc2ccccc2s1,Clc1ccc(N[*:1])cc1Cl,CHEMBL4467796,165
Cc1cc(NC(=O)[*:1])ccc1OCc1nc2ccccc2s1,Clc1cc(Cl)cc(N[*:1])c1,CHEMBL4559364,165
Cc1cc(NC(=O)[*:1])ccc1OCc1nc2ccccc2s1,Clc1cccc(N[*:1])c1,CHEMBL4584048,165
Cc1cc(NC(=O)[*:1])ccc1OCc1nc2ccccc2s1,Clc1ccccc1N[*:1],CHEMBL4468253,165
Cc1cc(NC(=O)[*:1])ccc1OCc1nc2ccccc2s1,c1ccc(N[*:1])cc1,CHEMBL4467433,165
Cc1cc(OCc2nc3ccccc3s2)ccc1NC(=O)[*:1],Clc1cc(Cl)cc(N[*:1])c1,CHEMBL4464435,166
Cc1cc(OCc2nc3ccccc3s2)ccc1NC(=O)[*:1],Clc1cccc(N[*:1])c1,CHEMBL4464098,166
Cc1cc(OCc2nc3ccccc3s2)ccc1NC(=O)[*:1],Clc1ccccc1N[*:1],CHEMBL4446557,166
Cc1cc(OCc2nc3ccccc3s2)ccc1NC(=O)[*:1],c1ccc(N[*:1])cc1,CHEMBL4529502,166
Cc1cc(OCc2nc3ccccc3s2)ccc1NC(=O)[*:1],Clc1ccc(N[*:1])cc1,CHEMBL4513805,166
Cc1cc(OCc2nc3ccccc3s2)ccc1NC(=O)[*:1],Clc1ccc(N[*:1])cc1Cl,CHEMBL4291038,166
Cc1cc2cc(C(=O)NCc3ccc(CS(=O)(=O)C4CC4)cc3C(F)(F)F)ccc2n1[*:1],CC(C)S(=O)(=O)[*:1],CHEMBL5076679,167
Cc1cc2cc(C(=O)NCc3ccc(CS(=O)(=O)C4CC4)cc3C(F)(F)F)ccc2n1[*:1],Fc1cccc(C[*:1])c1,CHEMBL5074383,167
O=C(Nc1ccc([*:1])cc1)C1CCN(S(=O)(=O)c2ccccc2Cl)CC1,Cc1ccc(-c2csc([*:1])n2)cc1,CHEMBL5076329,168
O=C(Nc1ccc([*:1])cc1)C1CCN(S(=O)(=O)c2ccccc2Cl)CC1,Cc1ccc2sc([*:1])nc2c1,CHEMBL5092295,168
O=C(Nc1ccc([*:1])cc1)C1CCN(S(=O)(=O)c2ccccc2Cl)CC1,Cn1c([*:1])nc2ccccc21,CHEMBL5072765,168
O=C(Nc1ccc([*:1])cc1)C1CCN(S(=O)(=O)c2ccccc2Cl)CC1,c1ccc2sc([*:1])nc2c1,CHEMBL5089361,168
O=C(Nc1ccc([*:1])cc1)C1CCN(S(=O)(=O)c2ccccc2Cl)CC1,Fc1ccc(-c2csc([*:1])n2)cc1,CHEMBL5074748,168
O=C(Nc1ccc([*:1])cc1)C1CCN(S(=O)(=O)c2ccccc2Cl)CC1,Clc1ccc(-c2csc([*:1])n2)cc1,CHEMBL5093204,168
O=C(Nc1ccc([*:1])cc1)C1CCN(S(=O)(=O)c2ccccc2Cl)CC1,c1ccc(-c2csc([*:1])n2)cc1,CHEMBL5082839,168
O=C(Nc1ccc([*:1])cc1)C1CCN(S(=O)(=O)c2ccccc2Cl)CC1,c1csc([*:1])n1,CHEMBL5083307,168
O=C(Nc1ccc([*:1])cc1)C1CCN(S(=O)(=O)c2ccccc2Cl)CC1,Clc1ccc(C[*:1])cc1,CHEMBL5083500,168
O=C(Nc1ccc([*:1])cc1)C1CCN(S(=O)(=O)c2ccccc2Cl)CC1,c1coc([*:1])n1,CHEMBL5082030,168
Cc1ccc(S(=O)(=O)N2CCC(C(=O)NC3CC3[*:1])CC2)c(C)c1,c1ccc([*:1])cc1,CHEMBL2313185,169
Cc1ccc(S(=O)(=O)N2CCC(C(=O)NC3CC3[*:1])CC2)c(C)c1,[*:1],CHEMBL2313162,169
Cc1ccc(S(=O)(=O)N2CCC(C(=O)Nc3ccc([*:1])cc3)CC2)c(C)c1,CC(C)[*:1],CHEMBL2313175,170
Cc1ccc(S(=O)(=O)N2CCC(C(=O)Nc3ccc([*:1])cc3)CC2)c(C)c1,[*:1],CHEMBL2313167,170
FC(F)(F)c1ccc(Nc2noc3cc([*:1])ccc23)cc1,Cc1cccnc1[*:1],CHEMBL577696,171
FC(F)(F)c1ccc(Nc2noc3cc([*:1])ccc23)cc1,FC(F)(F)c1cccc([*:1])c1,CHEMBL576833,171
FC(F)(F)c1ccc(Nc2noc3cc([*:1])ccc23)cc1,FC(F)(F)c1ccccc1[*:1],CHEMBL583880,171
FC(F)(F)c1ccc(Nc2noc3cc([*:1])ccc23)cc1,c1cc([*:1])ccn1,CHEMBL565942,171
FC(F)(F)c1ccc(Nc2noc3cc([*:1])ccc23)cc1,c1cc2cc([*:1])ccc2[nH]1,CHEMBL584050,171
FC(F)(F)c1ccc(Nc2noc3cc([*:1])ccc23)cc1,c1cncc([*:1])c1,CHEMBL565941,171
FC(F)(F)c1ccc(Nc2noc3cc([*:1])ccc23)cc1,c1cc([*:1])c2ccncc2c1,CHEMBL568231,171
FC(F)(F)c1ccc(Nc2noc3cc([*:1])ccc23)cc1,Fc1ccccc1[*:1],CHEMBL576459,171
FC(F)(F)c1ccc(Nc2noc3cc([*:1])ccc23)cc1,[*:1],CHEMBL576719,171
FC(F)(F)c1ccc(Nc2noc3c([*:1])cccc23)cc1,c1cc2cc([*:1])ccc2[nH]1,CHEMBL576212,172
FC(F)(F)c1ccc(Nc2noc3c([*:1])cccc23)cc1,FC(F)(F)c1cccc([*:1])c1,CHEMBL577044,172
FC(F)(F)c1ccc(Nc2noc3c([*:1])cccc23)cc1,FC(F)(F)c1ccccc1[*:1],CHEMBL578548,172
FC(F)(F)c1ccc(Nc2noc3c([*:1])cccc23)cc1,[*:1],CHEMBL576719,172
O=C1CC2(CCN(C(=O)NC3CC3c3ccccc3)CC2)Oc2ccc([*:1])cc21,Cn1nccc1[*:1],CHEMBL495792,173
O=C1CC2(CCN(C(=O)NC3CC3c3ccccc3)CC2)Oc2ccc([*:1])cc21,c1cc([*:1])ccn1,CHEMBL495992,173
O=C1CC2(CCN(C(=O)NC3CC3c3ccccc3)CC2)Oc2ccc([*:1])cc21,[*:1],CHEMBL496189,173
NS(=O)(=O)c1ccc(-n2nc(CCCNC(=O)Nc3cccc(C(F)(F)F)c3)cc2[*:1])cc1,Cc1ccc([*:1])cc1,CHEMBL1766301,174
NS(=O)(=O)c1ccc(-n2nc(CCCNC(=O)Nc3cccc(C(F)(F)F)c3)cc2[*:1])cc1,c1ccc([*:1])cc1,CHEMBL1766299,174
O=C(NCc1ccc(Cl)cc1Cl)N1CCC([*:1])CC1,N#Cc1ccccc1O[*:1],CHEMBL589376,175
O=C(NCc1ccc(Cl)cc1Cl)N1CCC([*:1])CC1,N#Cc1cccc(O[*:1])c1,CHEMBL589620,175
O=C(NCc1ccc(Cl)cc1Cl)N1CCC([*:1])CC1,N#Cc1ccc(O[*:1])cc1,CHEMBL589859,175
O=C(NCc1ccc(Cl)cc1Cl)N1CCC([*:1])CC1,c1ccc(C[*:1])nc1,CHEMBL589133,175
O=C(NCc1ccc(Cl)cc1Cl)N1CCC([*:1])CC1,Clc1ccc(O[*:1])cc1,CHEMBL589621,175
O=C(NCc1ccc(Cl)cc1Cl)N1CCC([*:1])CC1,c1cnc(N[*:1])nc1,CHEMBL589134,175
O=C(NCc1ccc(Cl)cc1Cl)N1CCC([*:1])CC1,c1ccc(O[*:1])cc1,CHEMBL589135,175
O=C(NCc1ccc(Cl)cc1Cl)N1CCC([*:1])CC1,c1cc(O[*:1])ccn1,CHEMBL1085746,175
O=C(NCc1ccc(Cl)cc1Cl)N1CCC([*:1])CC1,c1cnc(O[*:1])nc1,CHEMBL589136,175
O=C(NCc1ccc(Cl)cc1Cl)N1CCC([*:1])CC1,Fc1ccc(O[*:1])cc1,CHEMBL590106,175
O=C(CC12CC3CC(CC(C3)C1)C2)NC1CCC([*:1])CC1,Fc1ccc(O[*:1])cc1,CHEMBL243302,176
O=C(CC12CC3CC(CC(C3)C1)C2)NC1CCC([*:1])CC1,Fc1cccc(F)c1CO[*:1],CHEMBL245225,176
O=C(C[*:1])Nc1ccc(OCCCN2CCOCC2)cc1,C1C2CC3CC1CC([*:1])(C2)C3,CHEMBL549576,177
O=C(C[*:1])Nc1ccc(OCCCN2CCOCC2)cc1,FC(F)(F)c1ccc([*:1])cc1,CHEMBL557038,177
O=C(C[*:1])Nc1ccc(OCCCN2CCOCC2)cc1,Clc1ccc([*:1])cc1,CHEMBL559929,177
O=C(C[*:1])Nc1ccc(OCCCN2CCOCC2)cc1,c1ccc([*:1])cc1,CHEMBL557037,177
O=C(CCCCCNC(=O)[*:1])NC(Cc1ccccc1)C(=O)O,C1C2CC3CC1CC(N[*:1])(C2)C3,CHEMBL376653,178
O=C(CCCCCNC(=O)[*:1])NC(Cc1ccccc1)C(=O)O,C1CCC(N[*:1])CC1,CHEMBL219597,178
O=C(C[*:1])Nc1ccc(F)c(OCCCN2CCOCC2)c1,FC(F)(F)c1ccc([*:1])cc1,CHEMBL564986,179
O=C(C[*:1])Nc1ccc(F)c(OCCCN2CCOCC2)c1,C1C2CC3CC1CC([*:1])(C2)C3,CHEMBL551806,179
O=C(Nc1ccc(Cl)cc1)N(CCN1CCOCC1)c1ccc2nc(N[*:1])sc2c1,O=C(Cc1ccccc1)[*:1],CHEMBL4745610,180
O=C(Nc1ccc(Cl)cc1)N(CCN1CCOCC1)c1ccc2nc(N[*:1])sc2c1,O=C(Cc1ccccc1F)[*:1],CHEMBL4787307,180
O=C(Nc1ccc(Cl)cc1)N(CCN1CCOCC1)c1ccc2nc(N[*:1])sc2c1,O=C(Nc1ccc(Cl)cc1)[*:1],CHEMBL4781218,180
O=C(Nc1ccc(Cl)cc1)N(CCN1CCOCC1)c1ccc2nc(N[*:1])sc2c1,[*:1],CHEMBL4740693,180
O=C(NC1CC1c1ccccc1)N1CCC(Oc2ccc([*:1])cc2)CC1,c1ccc([*:1])cc1,CHEMBL3114603,181
O=C(NC1CC1c1ccccc1)N1CCC(Oc2ccc([*:1])cc2)CC1,n1nc([*:1])n[nH]1,CHEMBL3114608,181
O=C(NC1CC1c1ccccc1)N1CCC(Oc2ccc([*:1])cc2)CC1,O=C(O)CC[*:1],CHEMBL3401630,181
O=C(NC1CC1c1ccccc1)N1CCC(Oc2ccc([*:1])cc2)CC1,O=C(O)C[*:1],CHEMBL3114607,181
O=C(NC1CC1c1ccccc1)N1CCC(Oc2ccc([*:1])cc2)CC1,[*:1],CHEMBL3114611,181
O=C(NC1CC1c1ccccc1)N1CCC(Oc2cccc([*:1])c2)CC1,c1ccc([*:1])cc1,CHEMBL3114602,182
O=C(NC1CC1c1ccccc1)N1CCC(Oc2cccc([*:1])c2)CC1,[*:1],CHEMBL3114611,182
O=C(NC1CC1c1ccccc1)N1CCC(Oc2ccccc2[*:1])CC1,c1ccc([*:1])cc1,CHEMBL3114601,183
O=C(NC1CC1c1ccccc1)N1CCC(Oc2ccccc2[*:1])CC1,[*:1],CHEMBL3114611,183
O=C(O)c1ccc(OC2CCC(NC(=O)[*:1])CC2)cc1,C1=CC2CC1CC2N[*:1],CHEMBL4755752,184
O=C(O)c1ccc(OC2CCC(NC(=O)[*:1])CC2)cc1,C1CCCC(N[*:1])CC1,CHEMBL4642519,184
O=C(NC1CCCC([*:1])C1)NC12CC3CC(CC(C3)C1)C2,C(CO[*:1])CN1CCOCC1,CHEMBL563709,185
O=C(NC1CCCC([*:1])C1)NC12CC3CC(CC(C3)C1)C2,[*:1],CHEMBL242255,185
O=C(NC1CCC(Oc2ccc(F)cc2)CC1)[*:1],C1CCCC(N[*:1])CC1,CHEMBL221793,186
O=C(NC1CCC(Oc2ccc(F)cc2)CC1)[*:1],Brc1ccc(N[*:1])cc1,CHEMBL221737,186
O=C(NC1CCC(Oc2ccc(F)cc2)CC1)[*:1],Clc1ccc(N[*:1])cc1,CHEMBL374730,186
O=C(NC1CCC(Oc2ccc(F)cc2)CC1)[*:1],Ic1ccc(N[*:1])cc1,CHEMBL220908,186
Fc1ccc(C(CCN[*:1])c2ccc(F)cc2)cc1,O=C(c1cccnc1)[*:1],CHEMBL563216,187
Fc1ccc(C(CCN[*:1])c2ccc(F)cc2)cc1,O=C(c1ccc(O)nc1)[*:1],CHEMBL563417,187
c1ccc(C(CCN[*:1])c2ccccc2)cc1,O=C(N1CCCC1)[*:1],CHEMBL4555893,188
c1ccc(C(CCN[*:1])c2ccccc2)cc1,O=C(c1ccccc1)[*:1],CHEMBL556303,188
c1ccc(C(CCN[*:1])c2ccccc2)cc1,O=C(c1ccccn1)[*:1],CHEMBL569141,188
c1ccc(C(CCN[*:1])c2ccccc2)cc1,O=C(c1cccnc1)[*:1],CHEMBL560537,188
c1ccc(C(CCN[*:1])c2ccccc2)cc1,O=C(c1ccncc1)[*:1],CHEMBL571898,188
O=C(NCCC(c1ccccc1)[*:1])c1cccnc1,c1ccc([*:1])cc1,CHEMBL560537,189
O=C(NCCC(c1ccccc1)[*:1])c1cccnc1,[*:1],CHEMBL560538,189
O=C(NCc1cc([*:1])no1)NCC12CC3CC(CC(C3)C1)C2,Fc1ccc([*:1])cc1,CHEMBL3633673,190
O=C(NCc1cc([*:1])no1)NCC12CC3CC(CC(C3)C1)C2,Fc1cccc([*:1])c1,CHEMBL3633672,190
O=C(NCc1ccc(Cl)cc1Cl)N1CCC(O)([*:1])CC1,c1ccc(C[*:1])cc1,CHEMBL592025,191
O=C(NCc1ccc(Cl)cc1Cl)N1CCC(O)([*:1])CC1,c1ccc([*:1])cc1,CHEMBL592739,191
O=C(NCc1ccc(NS(=O)(=O)C2CC2)cc1C(F)(F)F)c1ccc2c(ccn2[*:1])c1,Fc1cccc(C[*:1])c1,CHEMBL5084336,192
O=C(NCc1ccc(NS(=O)(=O)C2CC2)cc1C(F)(F)F)c1ccc2c(ccn2[*:1])c1,[*:1],CHEMBL5177249,192
O=C(NCc1ccccc1OC(F)(F)F)N1CCC([*:1])CC1,c1cc(O[*:1])ccn1,CHEMBL1085744,193
O=C(NCc1ccccc1OC(F)(F)F)N1CCC([*:1])CC1,c1cnc(O[*:1])nc1,CHEMBL1082684,193
FC(F)(F)c1cc(-c2cccnc2)nn1-c1ccc(N[*:1])cc1,O=C(c1ccccc1)[*:1],CHEMBL1271550,194
FC(F)(F)c1cc(-c2cccnc2)nn1-c1ccc(N[*:1])cc1,O=C(c1cccnc1)[*:1],CHEMBL1271497,194
FC(F)(F)c1cc(-c2cccnc2)nn1-c1ccc(N[*:1])cc1,O=C(c1ccncc1)[*:1],CHEMBL1271498,194
O=C(Nc1ccc(Cl)c(C(F)(F)F)c1)NC1CCC([*:1])CC1,O=C(O)c1ccc(O[*:1])cc1,CHEMBL2397147,195
O=C(Nc1ccc(Cl)c(C(F)(F)F)c1)NC1CCC([*:1])CC1,O=C(O)c1cccc(O[*:1])c1,CHEMBL2397144,195
O=C(Nc1ccc(F)c(OCCCN2CCOCC2)c1)[*:1],Clc1ccc(N[*:1])cc1,CHEMBL550655,196
O=C(Nc1ccc(F)c(OCCCN2CCOCC2)c1)[*:1],C1CCC(N[*:1])CC1,CHEMBL549902,196
O=C(Nc1ccc(F)c(OCCCN2CCOCC2)c1)[*:1],Fc1ccc(N[*:1])cc1,CHEMBL551597,196
O=C(Nc1ccc(F)c(OCCCN2CCOCC2)c1)[*:1],c1ccc(N[*:1])cc1,CHEMBL558639,196
O=C(Nc1ccc(OCCCN2CCOCC2)cc1)[*:1],Clc1ccc(N[*:1])cc1,CHEMBL551061,197
O=C(Nc1ccc(OCCCN2CCOCC2)cc1)[*:1],C1CCC(N[*:1])CC1,CHEMBL568915,197
O=C(Nc1ccc(OCCCN2CCOCC2)cc1)[*:1],c1ccc(N[*:1])cc1,CHEMBL561382,197
O=C(Nc1ccc(I)cc1)NC1CCC([*:1])CC1,Fc1ccc(O[*:1])cc1,CHEMBL220908,198
O=C(Nc1ccc(I)cc1)NC1CCC([*:1])CC1,[*:1],CHEMBL1231797,198
O=C(Nc1ccc(OCc2nc3ccccc3s2)cc1)[*:1],Clc1ccc(N[*:1])cc1,CHEMBL4447668,199
O=C(Nc1ccc(OCc2nc3ccccc3s2)cc1)[*:1],Clc1cc(Cl)cc(N[*:1])c1,CHEMBL4456287,199
O=C(Nc1ccc(OCc2nc3ccccc3s2)cc1)[*:1],Clc1cccc(N[*:1])c1,CHEMBL4470478,199
O=C(Nc1ccc(OCc2nc3ccccc3s2)cc1)[*:1],Clc1ccccc1N[*:1],CHEMBL4521577,199
O=C(Nc1ccc(OCc2nc3ccccc3s2)cc1)[*:1],Clc1ccc(N[*:1])cc1Cl,CHEMBL4585429,199
O=C(Nc1ccc(OCc2nc3ccccc3s2)cc1)[*:1],c1ccc(N[*:1])cc1,CHEMBL4586137,199
O=C(Nc1ccc(OC(F)(F)F)cc1)Nc1ccc(O[*:1])cc1,FC(F)(F)[*:1],CHEMBL2031937,200
O=C(Nc1ccc(OC(F)(F)F)cc1)Nc1ccc(O[*:1])cc1,C(CN1CCOCC1)C[*:1],CHEMBL551521,200
O=C(Nc1ccc(O[*:1])c(Cl)c1)NC12CC3CC(CC(C3)C1)C2,C1CN(CC[*:1])CCO1,CHEMBL2032045,201
O=C(Nc1ccc(O[*:1])c(Cl)c1)NC12CC3CC(CC(C3)C1)C2,[*:1],CHEMBL2031806,201
O=C(O)CCC1([*:1])CCCN(C(=O)Nc2ccc(Cl)cc2)C1,FC(F)(F)c1ccc([*:1])cc1,CHEMBL1078715,202
O=C(O)CCC1([*:1])CCCN(C(=O)Nc2ccc(Cl)cc2)C1,c1ccc([*:1])cc1,CHEMBL1079256,202
O=C(O)CCC1([*:1])CCCN(C(=O)Nc2ccc(Cl)cc2)C1,FC(F)(F)c1ccccc1[*:1],CHEMBL1079257,202
O=C(O)CCC1([*:1])CCCN(C(=O)Nc2ccc(Cl)cc2)C1,c1cncc([*:1])c1,CHEMBL1078337,202
O=C(O)CCC1([*:1])CCCN(C(=O)Nc2ccc(Cl)cc2)C1,FC(F)(F)c1cccc([*:1])c1,CHEMBL1079258,202
O=C(O)CCC1([*:1])CCCN(C(=O)Nc2ccc(Cl)cc2)C1,c1cc([*:1])ccn1,CHEMBL1078336,202
O=C(NC1CC1c1ccccc1)N1CCC(Oc2ccc(C[*:1])cc2)CC1,O=C(O)C[*:1],CHEMBL3401630,203
O=C(NC1CC1c1ccccc1)N1CCC(Oc2ccc(C[*:1])cc2)CC1,[*:1],CHEMBL3114594,203
O=C(O)CCc1ccc(OC2CCN(C(=O)NC3C(c4ccccc4)C3[*:1])CC2)cc1,c1ccc([*:1])cc1,CHEMBL3401634,204
O=C(O)CCc1ccc(OC2CCN(C(=O)NC3C(c4ccccc4)C3[*:1])CC2)cc1,[*:1],CHEMBL3401630,204
O=C(NC1C(c2ccccc2)C1c1ccccc1)N1CCC([*:1])CC1,O=C(O)CCc1ccc(O[*:1])cc1,CHEMBL3401634,205
O=C(NC1C(c2ccccc2)C1c1ccccc1)N1CCC([*:1])CC1,[*:1],CHEMBL3401636,205
O=C(NC1CC1c1ccccc1)N1CCC(Oc2ccc([*:1])cc2Cl)CC1,O=C(O)C[*:1],CHEMBL3114610,206
O=C(NC1CC1c1ccccc1)N1CCC(Oc2ccc([*:1])cc2Cl)CC1,[*:1],CHEMBL3114618,206
